email,timestamp,emotion,confidence,model_type
test@gmail.com,2025-03-10 00:14:26,neutral,0.4818945229053497,unknown
test@gmail.com,2025-03-10 00:14:27,neutral,0.5103869438171387,unknown
test@gmail.com,2025-03-10 00:14:27,anger,0.526829719543457,unknown
test@gmail.com,2025-03-10 00:14:27,sad,0.3579229414463043,unknown
test@gmail.com,2025-03-10 00:14:27,sad,0.4108235538005829,unknown
test@gmail.com,2025-03-10 00:14:27,sad,0.3278826475143432,unknown
test@gmail.com,2025-03-10 00:14:27,sad,0.5016435384750366,unknown
test@gmail.com,2025-03-10 00:14:27,sad,0.5016435384750366,unknown
test@gmail.com,2025-03-10 00:14:27,sad,0.7616060972213745,unknown
test@gmail.com,2025-03-10 00:14:27,anger,0.4608910083770752,unknown
test@gmail.com,2025-03-10 00:14:27,anger,0.4608910083770752,unknown
test@gmail.com,2025-03-10 00:14:27,sad,0.5228121280670166,unknown
test@gmail.com,2025-03-10 00:14:27,anger,0.5258920788764954,unknown
test@gmail.com,2025-03-10 00:14:27,anger,0.5120503306388855,unknown
test@gmail.com,2025-03-10 00:14:28,anger,0.550511360168457,unknown
test@gmail.com,2025-03-10 00:14:28,anger,0.6252996921539307,unknown
test@gmail.com,2025-03-10 00:14:28,anger,0.6252996921539307,unknown
test@gmail.com,2025-03-10 00:14:28,anger,0.6797733306884766,unknown
test@gmail.com,2025-03-10 00:14:28,anger,0.6821249723434448,unknown
test@gmail.com,2025-03-10 00:14:28,sad,0.9287765026092528,unknown
test@gmail.com,2025-03-10 00:14:28,sad,0.8394303321838379,unknown
test@gmail.com,2025-03-10 00:14:28,sad,0.8074213266372681,unknown
test@gmail.com,2025-03-10 00:14:28,sad,0.6659213304519653,unknown
test@gmail.com,2025-03-10 00:14:28,anger,0.5596311688423157,unknown
test@gmail.com,2025-03-10 00:14:28,sad,0.7883340120315552,unknown
test@gmail.com,2025-03-10 00:14:29,sad,0.7883340120315552,unknown
test@gmail.com,2025-03-10 00:14:32,sad,0.5962872505187988,unknown
test@gmail.com,2025-03-10 00:14:32,sad,0.5962872505187988,unknown
test@gmail.com,2025-03-10 00:14:32,sad,0.6298323273658752,unknown
test@gmail.com,2025-03-10 00:14:32,sad,0.920735478401184,unknown
test@gmail.com,2025-03-10 00:14:32,sad,0.920735478401184,unknown
test@gmail.com,2025-03-10 00:14:32,sad,0.6673769950866699,unknown
test@gmail.com,2025-03-10 00:14:32,sad,0.6751002669334412,unknown
test@gmail.com,2025-03-10 00:14:32,sad,0.6751002669334412,unknown
test@gmail.com,2025-03-10 00:14:32,anger,0.4179084897041321,unknown
test@gmail.com,2025-03-10 00:14:32,sad,0.822952389717102,unknown
test@gmail.com,2025-03-10 00:14:32,sad,0.822952389717102,unknown
test@gmail.com,2025-03-10 00:14:32,sad,0.5443021655082703,unknown
test@gmail.com,2025-03-10 00:14:32,sad,0.6899378895759583,unknown
test@gmail.com,2025-03-10 00:14:33,sad,0.6899378895759583,unknown
test@gmail.com,2025-03-10 00:14:33,anger,0.3776479959487915,unknown
test@gmail.com,2025-03-10 00:14:33,sad,0.5331782102584839,unknown
test@gmail.com,2025-03-10 00:14:33,sad,0.5331782102584839,unknown
test@gmail.com,2025-03-10 00:14:33,sad,0.4869810044765472,unknown
test@gmail.com,2025-03-10 00:14:33,sad,0.6806120872497559,unknown
test@gmail.com,2025-03-10 00:14:33,neutral,0.5753411054611206,unknown
test@gmail.com,2025-03-10 00:14:33,fear,0.946193516254425,unknown
test@gmail.com,2025-03-10 00:14:33,anger,0.5222924947738647,unknown
test@gmail.com,2025-03-10 00:14:33,anger,0.5222924947738647,unknown
test@gmail.com,2025-03-10 00:14:33,sad,0.9143496751785278,unknown
test@gmail.com,2025-03-10 00:14:34,sad,0.724530041217804,unknown
test@gmail.com,2025-03-10 00:14:34,sad,0.4385318756103515,unknown
test@gmail.com,2025-03-10 00:14:34,anger,0.3922424912452698,unknown
test@gmail.com,2025-03-10 00:14:34,anger,0.4754880666732788,unknown
test@gmail.com,2025-03-10 00:14:34,anger,0.4754880666732788,unknown
test@gmail.com,2025-03-10 00:14:34,anger,0.7222043871879578,unknown
test@gmail.com,2025-03-10 00:14:34,sad,0.3918143212795257,unknown
test@gmail.com,2025-03-10 00:14:34,sad,0.3918143212795257,unknown
test@gmail.com,2025-03-10 00:14:34,sad,0.4116960167884826,unknown
test@gmail.com,2025-03-10 00:14:34,sad,0.3319666683673858,unknown
test@gmail.com,2025-03-10 00:14:34,sad,0.3319666683673858,unknown
test@gmail.com,2025-03-10 00:14:34,sad,0.4009163379669189,unknown
test@gmail.com,2025-03-10 00:14:34,sad,0.4761664867401123,unknown
test@gmail.com,2025-03-10 00:14:34,sad,0.7576987147331238,unknown
test@gmail.com,2025-03-10 00:14:35,sad,0.5232757925987244,unknown
test@gmail.com,2025-03-10 00:14:35,sad,0.7731912136077881,unknown
test@gmail.com,2025-03-10 00:14:35,sad,0.4506504833698272,unknown
test@gmail.com,2025-03-10 00:14:35,sad,0.7716618776321411,unknown
test@gmail.com,2025-03-10 00:14:35,neutral,0.3731158673763275,unknown
test@gmail.com,2025-03-10 00:14:35,neutral,0.3731158673763275,unknown
test@gmail.com,2025-03-10 00:14:35,sad,0.5676869750022888,unknown
test@gmail.com,2025-03-10 00:14:35,sad,0.6694375276565552,unknown
test@gmail.com,2025-03-10 00:14:35,neutral,0.5288134217262268,unknown
test@gmail.com,2025-03-10 00:14:35,sad,0.8064877390861511,unknown
test@gmail.com,2025-03-10 00:14:35,sad,0.849615216255188,unknown
test@gmail.com,2025-03-10 00:14:36,sad,0.849615216255188,unknown
test@gmail.com,2025-03-10 00:14:36,sad,0.8218041062355042,unknown
test@gmail.com,2025-03-10 00:14:36,sad,0.6510525345802307,unknown
test@gmail.com,2025-03-10 00:14:36,sad,0.873823881149292,unknown
test@gmail.com,2025-03-10 00:14:36,sad,0.873823881149292,unknown
test@gmail.com,2025-03-10 00:14:36,sad,0.8772084712982178,unknown
test@gmail.com,2025-03-10 00:14:36,sad,0.937125563621521,unknown
test@gmail.com,2025-03-10 00:14:36,sad,0.8798685073852539,unknown
test@gmail.com,2025-03-10 00:14:36,sad,0.8882526159286499,unknown
test@gmail.com,2025-03-10 00:14:36,sad,0.8882526159286499,unknown
test@gmail.com,2025-03-10 00:14:36,neutral,0.54054194688797,unknown
test@gmail.com,2025-03-10 00:14:36,sad,0.4688476026058197,unknown
test@gmail.com,2025-03-10 00:14:37,sad,0.5493104457855225,unknown
test@gmail.com,2025-03-10 00:14:37,sad,0.8151112198829651,unknown
test@gmail.com,2025-03-10 00:14:37,sad,0.6855457425117493,unknown
test@gmail.com,2025-03-10 00:14:37,sad,0.6855457425117493,unknown
test@gmail.com,2025-03-10 00:14:37,sad,0.5517014265060425,unknown
test@gmail.com,2025-03-10 00:14:37,sad,0.8785516619682312,unknown
test@gmail.com,2025-03-10 00:14:37,sad,0.8785516619682312,unknown
test@gmail.com,2025-03-10 00:14:37,sad,0.8369386196136475,unknown
test@gmail.com,2025-03-10 00:14:37,neutral,0.547569215297699,unknown
test@gmail.com,2025-03-10 00:14:37,sad,0.6604301929473877,unknown
test@gmail.com,2025-03-10 00:14:37,sad,0.4868250489234924,unknown
test@gmail.com,2025-03-10 00:14:37,sad,0.6174835562705994,unknown
test@gmail.com,2025-03-10 00:14:37,sad,0.6174835562705994,unknown
test@gmail.com,2025-03-10 00:14:38,neutral,0.5049638748168945,unknown
test@gmail.com,2025-03-10 00:14:38,neutral,0.493854284286499,unknown
test@gmail.com,2025-03-10 00:14:38,sad,0.4259432554244995,unknown
test@gmail.com,2025-03-10 00:14:38,sad,0.4259432554244995,unknown
test@gmail.com,2025-03-10 00:14:38,sad,0.7527328133583069,unknown
test@gmail.com,2025-03-10 00:14:38,fear,0.8467527031898499,unknown
test@gmail.com,2025-03-10 00:14:38,sad,0.7132548689842224,unknown
test@gmail.com,2025-03-10 00:14:38,sad,0.9194321036338806,unknown
test@gmail.com,2025-03-10 00:14:38,sad,0.9194321036338806,unknown
test@gmail.com,2025-03-10 00:14:38,sad,0.9300235509872437,unknown
test@gmail.com,2025-03-10 00:14:38,sad,0.7296059131622314,unknown
test@gmail.com,2025-03-10 00:14:38,sad,0.5602061748504639,unknown
test@gmail.com,2025-03-10 00:14:38,sad,0.5602061748504639,unknown
test@gmail.com,2025-03-10 00:14:39,sad,0.8169339895248413,unknown
test@gmail.com,2025-03-10 00:14:39,sad,0.8169339895248413,unknown
test@gmail.com,2025-03-10 00:14:39,sad,0.9195721745491028,unknown
test@gmail.com,2025-03-10 00:14:39,sad,0.9195721745491028,unknown
test@gmail.com,2025-03-10 00:14:39,sad,0.6018038988113403,unknown
test@gmail.com,2025-03-10 00:14:39,sad,0.8833907842636108,unknown
test@gmail.com,2025-03-10 00:14:39,neutral,0.6092352867126465,unknown
test@gmail.com,2025-03-10 00:14:39,neutral,0.6092352867126465,unknown
test@gmail.com,2025-03-10 00:14:39,fear,0.528819739818573,unknown
test@gmail.com,2025-03-10 00:14:40,fear,0.528819739818573,unknown
test@gmail.com,2025-03-10 00:14:40,fear,0.6390499472618103,unknown
test@gmail.com,2025-03-10 00:14:40,fear,0.6390499472618103,unknown
test@gmail.com,2025-03-10 00:14:40,surprise,0.6093349456787109,unknown
test@gmail.com,2025-03-10 00:14:40,surprise,0.5704713463783264,unknown
test@gmail.com,2025-03-10 00:14:40,fear,0.4869358241558075,unknown
test@gmail.com,2025-03-10 00:14:40,fear,0.3909714818000793,unknown
test@gmail.com,2025-03-10 00:14:40,fear,0.945896327495575,unknown
test@gmail.com,2025-03-10 00:14:40,sad,0.5326858758926392,unknown
test@gmail.com,2025-03-10 00:14:40,sad,0.5326858758926392,unknown
test@gmail.com,2025-03-10 00:14:40,neutral,0.6860250234603882,unknown
test@gmail.com,2025-03-10 00:14:40,neutral,0.6860250234603882,unknown
test@gmail.com,2025-03-10 00:14:41,neutral,0.7168840169906616,unknown
test@gmail.com,2025-03-10 00:14:41,neutral,0.5243401527404785,unknown
test@gmail.com,2025-03-10 00:14:41,neutral,0.3810382783412933,unknown
test@gmail.com,2025-03-10 00:14:41,sad,0.515426754951477,unknown
test@gmail.com,2025-03-10 00:14:41,sad,0.583286464214325,unknown
test@gmail.com,2025-03-10 00:14:41,sad,0.6563795208930969,unknown
test@gmail.com,2025-03-10 00:14:42,sad,0.5411837697029114,unknown
test@gmail.com,2025-03-10 00:14:42,sad,0.4985039532184601,unknown
test@gmail.com,2025-03-10 00:14:42,sad,0.5312169790267944,unknown
test@gmail.com,2025-03-10 00:14:42,sad,0.6280869841575623,unknown
test@gmail.com,2025-03-10 00:14:42,sad,0.6122885942459106,unknown
test@gmail.com,2025-03-10 00:14:42,sad,0.7065286636352539,unknown
test@gmail.com,2025-03-10 00:14:42,sad,0.875780463218689,unknown
test@gmail.com,2025-03-10 00:14:43,sad,0.926396369934082,unknown
test@gmail.com,2025-03-10 00:14:43,neutral,0.5667040944099426,unknown
test@gmail.com,2025-03-10 00:14:43,sad,0.6488460898399353,unknown
test@gmail.com,2025-03-10 00:14:43,sad,0.6488460898399353,unknown
test@gmail.com,2025-03-10 00:14:43,neutral,0.5294475555419922,unknown
test@gmail.com,2025-03-10 00:14:43,neutral,0.5294475555419922,unknown
test@gmail.com,2025-03-10 00:14:43,neutral,0.4507573246955871,unknown
test@gmail.com,2025-03-10 00:14:43,sad,0.855191707611084,unknown
test@gmail.com,2025-03-10 00:14:43,sad,0.7530862092971802,unknown
test@gmail.com,2025-03-10 00:14:44,sad,0.9288160800933838,unknown
test@gmail.com,2025-03-10 00:14:44,sad,0.8103234171867371,unknown
test@gmail.com,2025-03-10 00:14:44,sad,0.8103234171867371,unknown
test@gmail.com,2025-03-10 00:14:44,sad,0.9321799278259276,unknown
test@gmail.com,2025-03-10 00:14:44,sad,0.9095216989517212,unknown
test@gmail.com,2025-03-10 00:14:44,sad,0.7499083876609802,unknown
test@gmail.com,2025-03-10 00:14:44,sad,0.9215933680534364,unknown
test@gmail.com,2025-03-10 00:14:44,sad,0.9081578850746156,unknown
test@gmail.com,2025-03-10 00:14:44,sad,0.9081578850746156,unknown
test@gmail.com,2025-03-10 00:14:45,sad,0.8449134230613708,unknown
test@gmail.com,2025-03-10 00:14:45,sad,0.9476445317268372,unknown
test@gmail.com,2025-03-10 00:14:45,sad,0.6809338331222534,unknown
test@gmail.com,2025-03-10 00:14:45,neutral,0.4623172581195831,unknown
test@gmail.com,2025-03-10 00:14:45,sad,0.5023481845855713,unknown
test@gmail.com,2025-03-10 00:14:45,neutral,0.4132236838340759,unknown
test@gmail.com,2025-03-10 00:14:45,neutral,0.4021044373512268,unknown
test@gmail.com,2025-03-10 00:14:45,neutral,0.4021044373512268,unknown
test@gmail.com,2025-03-10 00:14:46,neutral,0.4671541154384613,unknown
test@gmail.com,2025-03-10 00:14:46,neutral,0.4282113909721374,unknown
test@gmail.com,2025-03-10 00:14:46,sad,0.6033200025558472,unknown
test@gmail.com,2025-03-10 00:14:46,neutral,0.5871330499649048,unknown
test@gmail.com,2025-03-10 00:14:46,sad,0.8444927930831909,unknown
test@gmail.com,2025-03-10 00:14:46,neutral,0.5536686182022095,unknown
test@gmail.com,2025-03-10 00:14:46,neutral,0.5248023271560669,unknown
test@gmail.com,2025-03-10 00:14:47,neutral,0.3740888237953186,unknown
test@gmail.com,2025-03-10 00:14:47,neutral,0.3723578155040741,unknown
test@gmail.com,2025-03-10 00:14:47,sad,0.4400980770587921,unknown
test@gmail.com,2025-03-10 00:14:47,sad,0.8433653712272644,unknown
test@gmail.com,2025-03-10 00:14:47,neutral,0.470181256532669,unknown
test@gmail.com,2025-03-10 00:14:47,neutral,0.5993077754974365,unknown
test@gmail.com,2025-03-10 00:14:48,neutral,0.5677859783172607,unknown
test@gmail.com,2025-03-10 00:14:48,sad,0.397215723991394,unknown
test@gmail.com,2025-03-10 00:14:48,anger,0.3755238056182861,unknown
test@gmail.com,2025-03-10 00:14:48,neutral,0.5136958956718445,unknown
test@gmail.com,2025-03-10 00:14:48,neutral,0.5993812680244446,unknown
test@gmail.com,2025-03-10 00:14:48,neutral,0.6400155425071716,unknown
test@gmail.com,2025-03-10 00:14:48,sad,0.7652084231376648,unknown
test@gmail.com,2025-03-10 00:14:48,sad,0.448471188545227,unknown
test@gmail.com,2025-03-10 00:14:49,fear,0.3337911963462829,unknown
test@gmail.com,2025-03-10 00:14:49,fear,0.5017373561859131,unknown
test@gmail.com,2025-03-10 00:14:49,neutral,0.856288492679596,unknown
test@gmail.com,2025-03-10 00:14:49,fear,0.8588694334030151,unknown
test@gmail.com,2025-03-10 00:14:49,neutral,0.5232969522476196,unknown
test@gmail.com,2025-03-10 00:14:49,fear,0.6375253796577454,unknown
test@gmail.com,2025-03-10 00:14:49,fear,0.8493860363960266,unknown
test@gmail.com,2025-03-10 00:14:49,neutral,0.352957010269165,unknown
test@gmail.com,2025-03-10 00:14:49,fear,0.9162353873252868,unknown
test@gmail.com,2025-03-10 00:14:49,sad,0.5980292558670044,unknown
test@gmail.com,2025-03-10 00:14:50,neutral,0.7426090836524963,unknown
test@gmail.com,2025-03-10 00:14:50,fear,0.4691648185253143,unknown
test@gmail.com,2025-03-10 00:14:50,fear,0.4691648185253143,unknown
test@gmail.com,2025-03-10 00:14:51,fear,0.3766575753688812,unknown
test@gmail.com,2025-03-10 00:14:51,neutral,0.3771643936634063,unknown
test@gmail.com,2025-03-10 00:14:51,fear,0.6466091275215149,unknown
test@gmail.com,2025-03-10 00:14:51,fear,0.6617215871810913,unknown
test@gmail.com,2025-03-10 00:14:51,fear,0.9071583151817322,unknown
test@gmail.com,2025-03-10 00:14:51,fear,0.3442669808864593,unknown
test@gmail.com,2025-03-10 00:14:51,neutral,0.4762911796569824,unknown
test@gmail.com,2025-03-10 00:14:51,sad,0.89520663022995,unknown
test@gmail.com,2025-03-10 00:14:51,sad,0.6610115170478821,unknown
test@gmail.com,2025-03-10 00:14:52,sad,0.8738319873809814,unknown
test@gmail.com,2025-03-10 00:14:52,sad,0.5920029878616333,unknown
test@gmail.com,2025-03-10 00:14:52,sad,0.7543120980262756,unknown
test@gmail.com,2025-03-10 00:14:53,neutral,0.7842872738838196,unknown
test@gmail.com,2025-03-10 00:14:53,neutral,0.5512548685073853,unknown
test@gmail.com,2025-03-10 00:14:54,neutral,0.4237870872020721,unknown
test@gmail.com,2025-03-10 00:14:54,neutral,0.6851462125778198,unknown
test@gmail.com,2025-03-10 00:14:54,neutral,0.7794639468193054,unknown
test@gmail.com,2025-03-10 00:14:54,neutral,0.5472674369812012,unknown
test@gmail.com,2025-03-10 00:14:54,neutral,0.5688051581382751,unknown
test@gmail.com,2025-03-10 00:14:54,sad,0.7751725912094116,unknown
test@gmail.com,2025-03-10 00:14:54,neutral,0.4680592119693756,unknown
test@gmail.com,2025-03-10 00:14:54,contempt,0.4081801772117615,unknown
test@gmail.com,2025-03-10 00:14:55,sad,0.8497053384780884,unknown
test@gmail.com,2025-03-10 00:14:55,sad,0.6238102316856384,unknown
test@gmail.com,2025-03-10 00:14:55,sad,0.7679222822189331,unknown
test@gmail.com,2025-03-10 00:14:55,sad,0.9540568590164183,unknown
test@gmail.com,2025-03-10 00:14:55,sad,0.5673173666000366,unknown
test@gmail.com,2025-03-10 00:14:55,sad,0.5673173666000366,unknown
test@gmail.com,2025-03-10 00:14:55,sad,0.7176904082298279,unknown
test@gmail.com,2025-03-10 00:14:56,sad,0.934142291545868,unknown
test@gmail.com,2025-03-10 00:14:56,sad,0.6892993450164795,unknown
test@gmail.com,2025-03-10 00:14:56,sad,0.6892993450164795,unknown
test@gmail.com,2025-03-10 00:14:57,neutral,0.5344312787055969,unknown
test@gmail.com,2025-03-10 00:14:58,sad,0.7136169075965881,unknown
test@gmail.com,2025-03-10 00:14:58,sad,0.9707655906677246,unknown
test@gmail.com,2025-03-10 00:14:58,sad,0.9509018659591676,unknown
test@gmail.com,2025-03-10 00:14:58,sad,0.8690584301948547,unknown
test@gmail.com,2025-03-10 00:14:58,sad,0.5961326360702515,unknown
test@gmail.com,2025-03-10 00:14:58,sad,0.6489537358283997,unknown
test@gmail.com,2025-03-10 00:14:58,sad,0.7358717918395996,unknown
test@gmail.com,2025-03-10 00:14:58,neutral,0.375516265630722,unknown
test@gmail.com,2025-03-10 00:14:59,sad,0.9197767972946168,unknown
test@gmail.com,2025-03-10 00:14:59,sad,0.8955931067466736,unknown
test@gmail.com,2025-03-10 00:14:59,sad,0.731692373752594,unknown
test@gmail.com,2025-03-10 00:14:59,sad,0.7858812212944031,unknown
test@gmail.com,2025-03-10 00:14:59,sad,0.8933730125427246,unknown
test@gmail.com,2025-03-10 00:14:59,sad,0.9007088541984558,unknown
test@gmail.com,2025-03-10 00:14:59,sad,0.8099736571311951,unknown
test@gmail.com,2025-03-10 00:14:59,sad,0.7882063388824463,unknown
test@gmail.com,2025-03-10 00:14:59,fear,0.3737450838088989,unknown
test@gmail.com,2025-03-10 00:15:00,surprise,0.5511006116867065,unknown
test@gmail.com,2025-03-10 00:15:00,contempt,0.8443838357925415,unknown
test@gmail.com,2025-03-10 00:15:00,contempt,0.8255755305290222,unknown
test@gmail.com,2025-03-10 00:15:00,contempt,0.8866004943847656,unknown
test@gmail.com,2025-03-10 00:15:00,contempt,0.8562944531440735,unknown
test@gmail.com,2025-03-10 00:15:00,contempt,0.9371827244758606,unknown
test@gmail.com,2025-03-10 00:15:00,contempt,0.9056081175804138,unknown
test@gmail.com,2025-03-10 00:15:00,contempt,0.9541885256767272,unknown
test@gmail.com,2025-03-10 00:15:00,contempt,0.9167031049728394,unknown
test@gmail.com,2025-03-10 00:15:00,contempt,0.9167031049728394,unknown
test@gmail.com,2025-03-10 00:15:00,contempt,0.8791609406471252,unknown
test@gmail.com,2025-03-10 00:15:01,contempt,0.8791609406471252,unknown
test@gmail.com,2025-03-10 00:15:01,contempt,0.8142476677894592,unknown
test@gmail.com,2025-03-10 00:15:01,contempt,0.883585512638092,unknown
test@gmail.com,2025-03-10 00:15:01,contempt,0.7925386428833008,unknown
test@gmail.com,2025-03-10 00:15:01,contempt,0.8159910440444946,unknown
test@gmail.com,2025-03-10 00:15:01,contempt,0.3846852481365204,unknown
test@gmail.com,2025-03-10 00:15:01,contempt,0.8328066468238831,unknown
test@gmail.com,2025-03-10 00:15:01,contempt,0.901154637336731,unknown
test@gmail.com,2025-03-10 00:15:02,contempt,0.6877835392951965,unknown
test@gmail.com,2025-03-10 00:15:02,neutral,0.4881809651851654,unknown
test@gmail.com,2025-03-10 00:15:02,contempt,0.5714739561080933,unknown
test@gmail.com,2025-03-10 00:15:02,contempt,0.6866143345832825,unknown
test@gmail.com,2025-03-10 00:15:02,neutral,0.6452805399894714,unknown
test@gmail.com,2025-03-10 00:15:02,contempt,0.7659448385238647,unknown
test@gmail.com,2025-03-10 00:15:02,surprise,0.6523471474647522,unknown
test@gmail.com,2025-03-10 00:15:02,contempt,0.6358240246772766,unknown
test@gmail.com,2025-03-10 00:15:02,fear,0.9380134344100952,unknown
test@gmail.com,2025-03-10 00:15:02,fear,0.9731140732765198,unknown
test@gmail.com,2025-03-10 00:15:02,surprise,0.6419306993484497,unknown
test@gmail.com,2025-03-10 00:15:03,surprise,0.5552036166191101,unknown
test@gmail.com,2025-03-10 00:15:03,surprise,0.5552036166191101,unknown
test@gmail.com,2025-03-10 00:15:03,fear,0.9427287578582764,unknown
test@gmail.com,2025-03-10 00:15:03,fear,0.7221456170082092,unknown
test@gmail.com,2025-03-10 00:15:03,surprise,0.818812370300293,unknown
test@gmail.com,2025-03-10 00:15:03,neutral,0.3776688575744629,unknown
test@gmail.com,2025-03-10 00:15:03,neutral,0.3776688575744629,unknown
test@gmail.com,2025-03-10 00:15:04,fear,0.9034101963043212,unknown
test@gmail.com,2025-03-10 00:15:04,neutral,0.5669557452201843,unknown
test@gmail.com,2025-03-10 00:15:04,neutral,0.5669557452201843,unknown
test@gmail.com,2025-03-10 00:15:04,anger,0.9539387226104736,unknown
test@gmail.com,2025-03-10 00:15:04,neutral,0.8255416750907898,unknown
test@gmail.com,2025-03-10 00:15:04,fear,0.7482413053512573,unknown
test@gmail.com,2025-03-10 00:15:05,fear,0.9604129791259766,unknown
test@gmail.com,2025-03-10 00:15:05,fear,0.9604129791259766,unknown
test@gmail.com,2025-03-10 00:15:05,anger,0.7566351294517517,unknown
test@gmail.com,2025-03-10 00:15:05,anger,0.7566351294517517,unknown
test@gmail.com,2025-03-10 00:15:05,neutral,0.3960505127906799,unknown
test@gmail.com,2025-03-10 00:15:08,fear,0.3781580626964569,unknown
test@gmail.com,2025-03-10 00:15:08,fear,0.3781580626964569,unknown
test@gmail.com,2025-03-10 00:15:13,fear,0.5824707746505737,unknown
test@gmail.com,2025-03-10 00:15:15,neutral,0.32606902718544,unknown
test@gmail.com,2025-03-10 00:15:15,neutral,0.32606902718544,unknown
test@gmail.com,2025-03-10 00:15:16,fear,0.8990061283111572,unknown
test@gmail.com,2025-03-10 00:15:16,fear,0.8990061283111572,unknown
test@gmail.com,2025-03-10 00:15:16,fear,0.9960958361625672,unknown
test@gmail.com,2025-03-10 00:15:16,neutral,0.3632867038249969,unknown
test@gmail.com,2025-03-10 00:15:16,fear,0.990844428539276,unknown
test@gmail.com,2025-03-10 00:15:17,neutral,0.416407823562622,unknown
test@gmail.com,2025-03-10 00:15:17,neutral,0.416407823562622,unknown
test@gmail.com,2025-03-10 00:15:17,sad,0.8051726818084717,unknown
test@gmail.com,2025-03-10 00:15:18,sad,0.8051726818084717,unknown
test@gmail.com,2025-03-10 00:15:18,neutral,0.538607120513916,unknown
test@gmail.com,2025-03-10 00:15:18,sad,0.8477831482887268,unknown
test@gmail.com,2025-03-10 00:15:18,sad,0.6882215738296509,unknown
test@gmail.com,2025-03-10 00:15:18,sad,0.6232737302780151,unknown
test@gmail.com,2025-03-10 00:15:18,sad,0.6232737302780151,unknown
test@gmail.com,2025-03-10 00:15:18,sad,0.7072458267211914,unknown
test@gmail.com,2025-03-10 00:15:18,sad,0.7072458267211914,unknown
test@gmail.com,2025-03-10 00:15:18,sad,0.9891107678413392,unknown
test@gmail.com,2025-03-10 00:15:19,sad,0.9527977705001832,unknown
test@gmail.com,2025-03-10 00:15:19,sad,0.7771562933921814,unknown
test@gmail.com,2025-03-10 00:15:19,sad,0.7153805494308472,unknown
test@gmail.com,2025-03-10 00:15:19,sad,0.958652913570404,unknown
test@gmail.com,2025-03-10 00:15:19,sad,0.958652913570404,unknown
test@gmail.com,2025-03-10 00:15:19,sad,0.8495777249336243,unknown
test@gmail.com,2025-03-10 00:15:19,sad,0.8495777249336243,unknown
test@gmail.com,2025-03-10 00:15:20,sad,0.5548184514045715,unknown
test@gmail.com,2025-03-10 00:15:20,sad,0.5548184514045715,unknown
test@gmail.com,2025-03-10 00:15:25,sad,0.4607602655887604,unknown
test@gmail.com,2025-03-10 00:15:25,sad,0.4824788570404053,unknown
test@gmail.com,2025-03-10 00:15:25,sad,0.6284128427505493,unknown
test@gmail.com,2025-03-10 00:15:25,sad,0.8805654644966125,unknown
test@gmail.com,2025-03-10 00:15:25,sad,0.7824183702468872,unknown
test@gmail.com,2025-03-10 00:15:26,sad,0.6635887026786804,unknown
test@gmail.com,2025-03-10 00:15:26,sad,0.6831663846969604,unknown
test@gmail.com,2025-03-10 00:15:26,sad,0.5336146354675293,unknown
test@gmail.com,2025-03-10 00:15:26,neutral,0.5815937519073486,unknown
test@gmail.com,2025-03-10 00:15:26,anger,0.5066678524017334,unknown
test@gmail.com,2025-03-10 00:15:26,anger,0.5568060278892517,unknown
test@gmail.com,2025-03-10 00:15:26,neutral,0.7314819097518921,unknown
test@gmail.com,2025-03-10 00:15:26,neutral,0.4807227551937103,unknown
test@gmail.com,2025-03-10 00:15:26,neutral,0.8019668459892273,unknown
test@gmail.com,2025-03-10 00:15:27,disgust,0.3259324431419372,unknown
test@gmail.com,2025-03-10 00:15:27,neutral,0.7875496745109558,unknown
test@gmail.com,2025-03-10 00:15:27,sad,0.4961744546890259,unknown
test@gmail.com,2025-03-10 00:15:27,neutral,0.7644294500350952,unknown
test@gmail.com,2025-03-10 00:15:27,disgust,0.2895638942718506,unknown
test@gmail.com,2025-03-10 00:15:27,neutral,0.312393456697464,unknown
test@gmail.com,2025-03-10 00:15:28,anger,0.9594645500183104,unknown
test@gmail.com,2025-03-10 00:15:28,anger,0.9594645500183104,unknown
test@gmail.com,2025-03-10 00:15:29,sad,0.7655858993530273,unknown
test@gmail.com,2025-03-10 00:15:29,sad,0.7655858993530273,unknown
test@gmail.com,2025-03-10 00:15:29,anger,0.8552200198173523,unknown
test@gmail.com,2025-03-10 00:15:29,neutral,0.7175175547599792,unknown
test@gmail.com,2025-03-10 00:15:29,neutral,0.7075105309486389,unknown
test@gmail.com,2025-03-10 00:15:29,neutral,0.5043245553970337,unknown
test@gmail.com,2025-03-10 00:15:30,neutral,0.7794054746627808,unknown
test@gmail.com,2025-03-10 00:15:30,neutral,0.8897675275802612,unknown
test@gmail.com,2025-03-10 00:15:30,neutral,0.8311896920204163,unknown
test@gmail.com,2025-03-10 00:15:30,neutral,0.6575361490249634,unknown
test@gmail.com,2025-03-10 00:15:30,neutral,0.6575361490249634,unknown
test@gmail.com,2025-03-10 00:15:30,sad,0.4812875986099243,unknown
test@gmail.com,2025-03-10 00:15:30,anger,0.9348888397216796,unknown
test@gmail.com,2025-03-10 00:15:30,neutral,0.8461655974388123,unknown
test@gmail.com,2025-03-10 00:15:30,neutral,0.30327969789505,unknown
test@gmail.com,2025-03-10 00:15:30,neutral,0.5868514776229858,unknown
test@gmail.com,2025-03-10 00:15:31,neutral,0.7153884768486023,unknown
test@gmail.com,2025-03-10 00:15:31,neutral,0.5544220209121704,unknown
test@gmail.com,2025-03-10 00:15:31,neutral,0.6042963266372681,unknown
test@gmail.com,2025-03-10 00:15:31,neutral,0.6042963266372681,unknown
test@gmail.com,2025-03-10 00:15:31,neutral,0.6587156057357788,unknown
test@gmail.com,2025-03-10 00:15:31,neutral,0.5095396041870117,unknown
test@gmail.com,2025-03-10 00:15:31,neutral,0.4237570762634277,unknown
test@gmail.com,2025-03-10 00:15:31,neutral,0.4619170129299164,unknown
test@gmail.com,2025-03-10 00:15:31,neutral,0.6651356816291809,unknown
test@gmail.com,2025-03-10 00:15:31,neutral,0.3065687417984009,unknown
test@gmail.com,2025-03-10 00:15:31,contempt,0.7498170137405396,unknown
test@gmail.com,2025-03-10 00:15:32,contempt,0.701408326625824,unknown
test@gmail.com,2025-03-10 00:15:32,neutral,0.433754950761795,unknown
test@gmail.com,2025-03-10 00:15:32,neutral,0.3985027968883514,unknown
test@gmail.com,2025-03-10 00:15:32,neutral,0.5861884355545044,unknown
test@gmail.com,2025-03-10 00:15:32,neutral,0.4877712428569793,unknown
test@gmail.com,2025-03-10 00:15:32,neutral,0.7741239070892334,unknown
test@gmail.com,2025-03-10 00:15:32,contempt,0.6523430943489075,unknown
test@gmail.com,2025-03-10 00:15:32,neutral,0.7335943579673767,unknown
test@gmail.com,2025-03-10 00:15:32,disgust,0.5803612470626831,unknown
test@gmail.com,2025-03-10 00:15:32,contempt,0.7252664566040039,unknown
test@gmail.com,2025-03-10 00:15:33,contempt,0.785578191280365,unknown
test@gmail.com,2025-03-10 00:15:33,anger,0.6076275110244751,unknown
test@gmail.com,2025-03-10 00:15:33,contempt,0.749485433101654,unknown
test@gmail.com,2025-03-10 00:15:33,contempt,0.767174243927002,unknown
test@gmail.com,2025-03-10 00:15:33,neutral,0.5677087306976318,unknown
test@gmail.com,2025-03-10 00:15:33,neutral,0.6669169664382935,unknown
test@gmail.com,2025-03-10 00:15:33,neutral,0.4725725054740906,unknown
test@gmail.com,2025-03-10 00:15:34,neutral,0.6653896570205688,unknown
test@gmail.com,2025-03-10 00:15:34,anger,0.388084203004837,unknown
test@gmail.com,2025-03-10 00:15:34,anger,0.7936696410179138,unknown
test@gmail.com,2025-03-10 00:15:34,anger,0.4587858915328979,unknown
test@gmail.com,2025-03-10 00:15:34,surprise,0.3079003393650055,unknown
test@gmail.com,2025-03-10 00:15:34,contempt,0.4205323159694671,unknown
test@gmail.com,2025-03-10 00:15:34,fear,0.7330355644226074,unknown
test@gmail.com,2025-03-10 00:15:34,neutral,0.4188291728496551,unknown
test@gmail.com,2025-03-10 00:15:34,anger,0.3770778477191925,unknown
test@gmail.com,2025-03-10 00:15:34,anger,0.5938249826431274,unknown
test@gmail.com,2025-03-10 00:15:34,sad,0.5388383269309998,unknown
test@gmail.com,2025-03-10 00:15:34,neutral,0.5291703343391418,unknown
test@gmail.com,2025-03-10 00:15:35,sad,0.612074613571167,unknown
test@gmail.com,2025-03-10 00:15:35,neutral,0.4547022879123688,unknown
test@gmail.com,2025-03-10 00:15:35,sad,0.526282787322998,unknown
test@gmail.com,2025-03-10 00:15:35,neutral,0.6820619106292725,unknown
test@gmail.com,2025-03-10 00:15:35,sad,0.4518814086914062,unknown
test@gmail.com,2025-03-10 00:15:35,neutral,0.4718603193759918,unknown
test@gmail.com,2025-03-10 00:15:35,sad,0.2912128865718841,unknown
test@gmail.com,2025-03-10 00:15:35,neutral,0.5947142243385315,unknown
test@gmail.com,2025-03-10 00:15:36,neutral,0.3501129746437073,unknown
test@gmail.com,2025-03-10 00:15:36,neutral,0.5832130312919617,unknown
test@gmail.com,2025-03-10 00:15:36,fear,0.507381796836853,unknown
test@gmail.com,2025-03-10 00:15:36,neutral,0.4963021278381347,unknown
test@gmail.com,2025-03-10 00:15:36,fear,0.4321922063827514,unknown
test@gmail.com,2025-03-10 00:15:36,contempt,0.8877541422843933,unknown
test@gmail.com,2025-03-10 00:15:36,fear,0.9223504066467284,unknown
test@gmail.com,2025-03-10 00:15:36,anger,0.9194791913032532,unknown
test@gmail.com,2025-03-10 00:15:36,neutral,0.6033868193626404,unknown
test@gmail.com,2025-03-10 00:15:36,fear,0.848518967628479,unknown
test@gmail.com,2025-03-10 00:15:36,neutral,0.5352790355682373,unknown
test@gmail.com,2025-03-10 00:15:36,fear,0.7649216651916504,unknown
test@gmail.com,2025-03-10 00:15:37,contempt,0.7524005174636841,unknown
test@gmail.com,2025-03-10 00:15:37,contempt,0.4003853499889374,unknown
test@gmail.com,2025-03-10 00:15:37,neutral,0.7046868801116943,unknown
test@gmail.com,2025-03-10 00:15:37,fear,0.4878973364830017,unknown
test@gmail.com,2025-03-10 00:15:37,neutral,0.6473430395126343,unknown
test@gmail.com,2025-03-10 00:15:37,fear,0.8224054574966431,unknown
test@gmail.com,2025-03-10 00:15:37,neutral,0.518213152885437,unknown
test@gmail.com,2025-03-10 00:15:37,fear,0.5962320566177368,unknown
test@gmail.com,2025-03-10 00:15:37,neutral,0.6102163195610046,unknown
test@gmail.com,2025-03-10 00:15:37,fear,0.749449610710144,unknown
test@gmail.com,2025-03-10 00:15:37,neutral,0.6619347929954529,unknown
test@gmail.com,2025-03-10 00:15:37,fear,0.2341517210006714,unknown
test@gmail.com,2025-03-10 00:15:38,neutral,0.7326920628547668,unknown
test@gmail.com,2025-03-10 00:15:38,sad,0.2295239120721817,unknown
test@gmail.com,2025-03-10 00:15:38,anger,0.9166036248207092,unknown
test@gmail.com,2025-03-10 00:15:38,neutral,0.6057405471801758,unknown
test@gmail.com,2025-03-10 00:15:38,fear,0.7064516544342041,unknown
test@gmail.com,2025-03-10 00:15:38,contempt,0.5610960125923157,unknown
test@gmail.com,2025-03-10 00:15:38,sad,0.2591597437858581,unknown
test@gmail.com,2025-03-10 00:15:38,neutral,0.4993640482425689,unknown
test@gmail.com,2025-03-10 00:15:38,sad,0.8286926746368408,unknown
test@gmail.com,2025-03-10 00:15:38,neutral,0.5431369543075562,unknown
test@gmail.com,2025-03-10 00:15:38,fear,0.4307098388671875,unknown
test@gmail.com,2025-03-10 00:15:38,contempt,0.6307740807533264,unknown
test@gmail.com,2025-03-10 00:15:38,fear,0.4549438655376434,unknown
test@gmail.com,2025-03-10 00:15:39,contempt,0.8752895593643188,unknown
test@gmail.com,2025-03-10 00:15:39,fear,0.2728133797645569,unknown
test@gmail.com,2025-03-10 00:15:39,neutral,0.5604235529899597,unknown
test@gmail.com,2025-03-10 00:15:39,fear,0.3781300783157348,unknown
test@gmail.com,2025-03-10 00:15:39,neutral,0.6764508485794067,unknown
test@gmail.com,2025-03-10 00:15:39,fear,0.2670096755027771,unknown
test@gmail.com,2025-03-10 00:15:39,contempt,0.5634366273880005,unknown
test@gmail.com,2025-03-10 00:15:39,contempt,0.3744793832302093,unknown
test@gmail.com,2025-03-10 00:15:39,neutral,0.5919585227966309,unknown
test@gmail.com,2025-03-10 00:15:39,fear,0.2660056948661804,unknown
test@gmail.com,2025-03-10 00:15:39,contempt,0.8825716376304626,unknown
test@gmail.com,2025-03-10 00:15:39,contempt,0.5884710550308228,unknown
test@gmail.com,2025-03-10 00:15:40,contempt,0.9209144711494446,unknown
test@gmail.com,2025-03-10 00:15:40,contempt,0.2550486624240875,unknown
test@gmail.com,2025-03-10 00:15:40,contempt,0.7215837240219116,unknown
test@gmail.com,2025-03-10 00:15:40,fear,0.5209612846374512,unknown
test@gmail.com,2025-03-10 00:15:40,contempt,0.8779891133308411,unknown
test@gmail.com,2025-03-10 00:15:40,fear,0.2525440454483032,unknown
test@gmail.com,2025-03-10 00:15:40,contempt,0.6445884108543396,unknown
test@gmail.com,2025-03-10 00:15:40,fear,0.6936786770820618,unknown
test@gmail.com,2025-03-10 00:15:40,neutral,0.5441594123840332,unknown
test@gmail.com,2025-03-10 00:15:40,contempt,0.3244900703430176,unknown
test@gmail.com,2025-03-10 00:15:40,neutral,0.5376750826835632,unknown
test@gmail.com,2025-03-10 00:15:40,contempt,0.3593779504299164,unknown
test@gmail.com,2025-03-10 00:15:40,contempt,0.4385676383972168,unknown
test@gmail.com,2025-03-10 00:15:40,fear,0.3766597807407379,unknown
test@gmail.com,2025-03-10 00:15:41,fear,0.3482001423835754,unknown
test@gmail.com,2025-03-10 00:15:41,sad,0.312842845916748,unknown
test@gmail.com,2025-03-10 00:15:41,sad,0.5990906953811646,unknown
test@gmail.com,2025-03-10 00:15:41,neutral,0.6467547416687012,unknown
test@gmail.com,2025-03-10 00:15:41,sad,0.6560520529747009,unknown
test@gmail.com,2025-03-10 00:15:41,neutral,0.4690048098564148,unknown
test@gmail.com,2025-03-10 00:15:41,neutral,0.7044495344161987,unknown
test@gmail.com,2025-03-10 00:15:41,neutral,0.7044495344161987,unknown
test@gmail.com,2025-03-10 00:15:42,anger,0.6239172220230103,unknown
test@gmail.com,2025-03-10 00:15:42,anger,0.638344943523407,unknown
test@gmail.com,2025-03-10 00:15:58,neutral,0.4383528232574463,unknown
test@gmail.com,2025-03-10 00:15:58,neutral,0.4383528232574463,unknown
test@gmail.com,2025-03-10 00:15:58,anger,0.662769615650177,unknown
test@gmail.com,2025-03-10 00:15:58,neutral,0.709864616394043,unknown
test@gmail.com,2025-03-10 00:15:58,anger,0.5004485845565796,unknown
test@gmail.com,2025-03-10 00:15:59,sad,0.6719292402267456,unknown
test@gmail.com,2025-03-10 00:15:59,sad,0.8692606091499329,unknown
test@gmail.com,2025-03-10 00:15:59,sad,0.5154251456260681,unknown
test@gmail.com,2025-03-10 00:15:59,neutral,0.370107889175415,unknown
test@gmail.com,2025-03-10 00:15:59,sad,0.3748515546321869,unknown
test@gmail.com,2025-03-10 00:15:59,neutral,0.7402303218841553,unknown
test@gmail.com,2025-03-10 00:16:03,sad,0.9083919525146484,unknown
test@gmail.com,2025-03-10 00:16:04,sad,0.7808470129966736,unknown
test@gmail.com,2025-03-10 00:16:04,sad,0.7808470129966736,unknown
test@gmail.com,2025-03-10 00:16:04,sad,0.8142858743667603,unknown
test@gmail.com,2025-03-10 00:16:04,sad,0.8146638870239258,unknown
test@gmail.com,2025-03-10 00:16:04,sad,0.9093318581581116,unknown
test@gmail.com,2025-03-10 00:16:04,sad,0.8349937796592712,unknown
test@gmail.com,2025-03-10 00:16:04,sad,0.7988404035568237,unknown
test@gmail.com,2025-03-10 00:16:05,sad,0.7714948654174805,unknown
test@gmail.com,2025-03-10 00:16:06,sad,0.6799301505088806,unknown
test@gmail.com,2025-03-10 00:16:06,sad,0.6799301505088806,unknown
test@gmail.com,2025-03-10 00:16:12,neutral,0.493006020784378,unknown
test@gmail.com,2025-03-10 00:16:12,neutral,0.493006020784378,unknown
test@gmail.com,2025-03-10 00:16:12,neutral,0.6371221542358398,unknown
test@gmail.com,2025-03-10 00:16:12,neutral,0.6777600646018982,unknown
test@gmail.com,2025-03-10 00:16:12,neutral,0.6777600646018982,unknown
test@gmail.com,2025-03-10 00:16:12,sad,0.6434184312820435,unknown
test@gmail.com,2025-03-10 00:16:12,sad,0.5817019939422607,unknown
test@gmail.com,2025-03-10 00:16:12,sad,0.5817019939422607,unknown
test@gmail.com,2025-03-10 00:16:13,sad,0.6653805375099182,unknown
test@gmail.com,2025-03-10 00:16:13,sad,0.3957476615905761,unknown
test@gmail.com,2025-03-10 00:16:13,anger,0.332940012216568,unknown
test@gmail.com,2025-03-10 00:16:13,anger,0.4217195808887481,unknown
test@gmail.com,2025-03-10 00:16:13,neutral,0.4991783201694488,unknown
test@gmail.com,2025-03-10 00:16:13,neutral,0.4991783201694488,unknown
test@gmail.com,2025-03-10 00:16:13,neutral,0.5359604954719543,unknown
test@gmail.com,2025-03-10 00:16:13,sad,0.3419355154037475,unknown
test@gmail.com,2025-03-10 00:16:13,neutral,0.3542631864547729,unknown
test@gmail.com,2025-03-10 00:16:13,anger,0.3419636785984039,unknown
test@gmail.com,2025-03-10 00:16:13,anger,0.3419636785984039,unknown
test@gmail.com,2025-03-10 00:16:13,anger,0.4108718037605285,unknown
test@gmail.com,2025-03-10 00:16:14,anger,0.4108718037605285,unknown
test@gmail.com,2025-03-10 00:16:14,neutral,0.4830141961574554,unknown
test@gmail.com,2025-03-10 00:16:14,anger,0.4684793353080749,unknown
test@gmail.com,2025-03-10 00:16:14,neutral,0.419167160987854,unknown
test@gmail.com,2025-03-10 00:16:14,sad,0.6428290009498596,unknown
test@gmail.com,2025-03-10 00:16:14,sad,0.6428290009498596,unknown
test@gmail.com,2025-03-10 00:16:14,neutral,0.3609396815299988,unknown
test@gmail.com,2025-03-10 00:16:14,neutral,0.3609396815299988,unknown
test@gmail.com,2025-03-10 00:16:14,sad,0.3547879755496979,unknown
test@gmail.com,2025-03-10 00:16:14,neutral,0.5138576030731201,unknown
test@gmail.com,2025-03-10 00:16:14,fear,0.5143077373504639,unknown
test@gmail.com,2025-03-10 00:16:14,sad,0.633549690246582,unknown
test@gmail.com,2025-03-10 00:16:14,sad,0.633549690246582,unknown
test@gmail.com,2025-03-10 00:16:15,neutral,0.4192239046096802,unknown
test@gmail.com,2025-03-10 00:16:15,sad,0.4133324325084686,unknown
test@gmail.com,2025-03-10 00:16:15,sad,0.514072835445404,unknown
test@gmail.com,2025-03-10 00:16:15,fear,0.4285498559474945,unknown
test@gmail.com,2025-03-10 00:16:15,sad,0.7229217886924744,unknown
test@gmail.com,2025-03-10 00:16:15,fear,0.5049758553504944,unknown
test@gmail.com,2025-03-10 00:16:15,sad,0.7690419554710388,unknown
test@gmail.com,2025-03-10 00:16:15,sad,0.4388753771781921,unknown
test@gmail.com,2025-03-10 00:16:15,sad,0.5688768625259399,unknown
test@gmail.com,2025-03-10 00:16:15,neutral,0.4431004226207733,unknown
test@gmail.com,2025-03-10 00:16:15,sad,0.3180584609508514,unknown
test@gmail.com,2025-03-10 00:16:16,fear,0.4931369125843048,unknown
test@gmail.com,2025-03-10 00:16:16,neutral,0.7824680805206299,unknown
test@gmail.com,2025-03-10 00:16:16,sad,0.6769753098487854,unknown
test@gmail.com,2025-03-10 00:16:16,sad,0.6769753098487854,unknown
test@gmail.com,2025-03-10 00:16:16,sad,0.4546283185482025,unknown
test@gmail.com,2025-03-10 00:16:16,sad,0.5247150659561157,unknown
test@gmail.com,2025-03-10 00:16:16,sad,0.7132684588432312,unknown
test@gmail.com,2025-03-10 00:16:16,neutral,0.4101247489452362,unknown
test@gmail.com,2025-03-10 00:16:16,sad,0.5102971792221069,unknown
test@gmail.com,2025-03-10 00:16:16,sad,0.6376173496246338,unknown
test@gmail.com,2025-03-10 00:16:16,anger,0.3667689263820648,unknown
test@gmail.com,2025-03-10 00:16:17,anger,0.3215555846691131,unknown
test@gmail.com,2025-03-10 00:16:17,neutral,0.589069128036499,unknown
test@gmail.com,2025-03-10 00:16:17,contempt,0.535889744758606,unknown
test@gmail.com,2025-03-10 00:16:17,contempt,0.7916960120201111,unknown
test@gmail.com,2025-03-10 00:16:17,contempt,0.7007152438163757,unknown
test@gmail.com,2025-03-10 00:16:17,contempt,0.5468320250511169,unknown
test@gmail.com,2025-03-10 00:16:17,neutral,0.4928672313690185,unknown
test@gmail.com,2025-03-10 00:16:17,neutral,0.5442295074462891,unknown
test@gmail.com,2025-03-10 00:16:17,neutral,0.5396643280982971,unknown
test@gmail.com,2025-03-10 00:16:17,neutral,0.5126999020576477,unknown
test@gmail.com,2025-03-10 00:16:17,neutral,0.4024440944194793,unknown
test@gmail.com,2025-03-10 00:16:18,neutral,0.4024440944194793,unknown
test@gmail.com,2025-03-10 00:16:18,anger,0.5321550369262695,unknown
test@gmail.com,2025-03-10 00:16:18,anger,0.5321550369262695,unknown
test@gmail.com,2025-03-10 00:16:18,sad,0.4177552163600921,unknown
test@gmail.com,2025-03-10 00:16:18,anger,0.3861281275749206,unknown
test@gmail.com,2025-03-10 00:16:18,neutral,0.3530938625335693,unknown
test@gmail.com,2025-03-10 00:16:18,anger,0.5578623414039612,unknown
test@gmail.com,2025-03-10 00:16:18,sad,0.5052000284194946,unknown
test@gmail.com,2025-03-10 00:16:18,sad,0.5052000284194946,unknown
test@gmail.com,2025-03-10 00:16:18,neutral,0.4324596226215362,unknown
test@gmail.com,2025-03-10 00:16:18,neutral,0.7011310458183289,unknown
test@gmail.com,2025-03-10 00:16:19,neutral,0.7011310458183289,unknown
test@gmail.com,2025-03-10 00:16:19,neutral,0.5078216195106506,unknown
test@gmail.com,2025-03-10 00:16:19,neutral,0.5078216195106506,unknown
test@gmail.com,2025-03-10 00:16:19,sad,0.410108357667923,unknown
test@gmail.com,2025-03-10 00:16:19,sad,0.4829197525978088,unknown
test@gmail.com,2025-03-10 00:16:19,sad,0.8777563571929932,unknown
test@gmail.com,2025-03-10 00:16:19,anger,0.5774735808372498,unknown
test@gmail.com,2025-03-10 00:16:19,sad,0.5993651747703552,unknown
test@gmail.com,2025-03-10 00:16:19,sad,0.4670028686523437,unknown
test@gmail.com,2025-03-10 00:16:19,sad,0.5116047263145447,unknown
test@gmail.com,2025-03-10 00:16:19,sad,0.5116047263145447,unknown
test@gmail.com,2025-03-10 00:16:19,sad,0.4232785403728485,unknown
test@gmail.com,2025-03-10 00:16:20,sad,0.5873441100120544,unknown
test@gmail.com,2025-03-10 00:16:20,anger,0.474407821893692,unknown
test@gmail.com,2025-03-10 00:16:20,sad,0.596543550491333,unknown
test@gmail.com,2025-03-10 00:16:20,anger,0.5070838928222656,unknown
test@gmail.com,2025-03-10 00:16:20,anger,0.5070838928222656,unknown
test@gmail.com,2025-03-10 00:16:20,sad,0.5516711473464966,unknown
test@gmail.com,2025-03-10 00:16:20,neutral,0.5490074753761292,unknown
test@gmail.com,2025-03-10 00:16:20,neutral,0.5217378735542297,unknown
test@gmail.com,2025-03-10 00:16:20,neutral,0.4134767353534698,unknown
test@gmail.com,2025-03-10 00:16:21,sad,0.5009425282478333,unknown
test@gmail.com,2025-03-10 00:16:21,anger,0.4763939678668976,unknown
test@gmail.com,2025-03-10 00:16:21,sad,0.4567276835441589,unknown
test@gmail.com,2025-03-10 00:16:21,anger,0.3551570177078247,unknown
test@gmail.com,2025-03-10 00:16:21,anger,0.4150378406047821,unknown
test@gmail.com,2025-03-10 00:16:21,neutral,0.425007700920105,unknown
test@gmail.com,2025-03-10 00:16:21,sad,0.4361152946949005,unknown
test@gmail.com,2025-03-10 00:16:21,neutral,0.4879017472267151,unknown
test@gmail.com,2025-03-10 00:16:21,sad,0.8699652552604675,unknown
test@gmail.com,2025-03-10 00:16:22,sad,0.4346096515655517,unknown
test@gmail.com,2025-03-10 00:16:22,sad,0.6554660797119141,unknown
test@gmail.com,2025-03-10 00:16:22,sad,0.5592032074928284,unknown
test@gmail.com,2025-03-10 00:16:22,sad,0.5592032074928284,unknown
test@gmail.com,2025-03-10 00:16:22,contempt,0.7748240828514099,unknown
test@gmail.com,2025-03-10 00:16:22,neutral,0.4777370691299438,unknown
test@gmail.com,2025-03-10 00:16:22,neutral,0.4637726843357086,unknown
test@gmail.com,2025-03-10 00:16:22,contempt,0.5285670757293701,unknown
test@gmail.com,2025-03-10 00:16:22,contempt,0.2628407478332519,unknown
test@gmail.com,2025-03-10 00:16:22,contempt,0.2628407478332519,unknown
test@gmail.com,2025-03-10 00:16:23,contempt,0.6076695322990417,unknown
test@gmail.com,2025-03-10 00:16:23,contempt,0.6543435454368591,unknown
test@gmail.com,2025-03-10 00:16:23,contempt,0.5585748553276062,unknown
test@gmail.com,2025-03-10 00:16:23,neutral,0.7527138590812683,unknown
test@gmail.com,2025-03-10 00:16:23,neutral,0.641551673412323,unknown
test@gmail.com,2025-03-10 00:16:24,neutral,0.692446231842041,unknown
test@gmail.com,2025-03-10 00:16:24,contempt,0.7126566171646118,unknown
test@gmail.com,2025-03-10 00:16:24,contempt,0.5376348495483398,unknown
test@gmail.com,2025-03-10 00:16:24,neutral,0.5556062459945679,unknown
test@gmail.com,2025-03-10 00:16:24,neutral,0.4095186591148376,unknown
test@gmail.com,2025-03-10 00:16:24,neutral,0.6622878313064575,unknown
test@gmail.com,2025-03-10 00:16:24,neutral,0.6637736558914185,unknown
test@gmail.com,2025-03-10 00:16:24,neutral,0.7588863372802734,unknown
test@gmail.com,2025-03-10 00:16:25,neutral,0.7620174884796143,unknown
test@gmail.com,2025-03-10 00:16:25,neutral,0.5421973466873169,unknown
test@gmail.com,2025-03-10 00:16:25,neutral,0.5456013679504395,unknown
test@gmail.com,2025-03-10 00:16:25,anger,0.7683562636375427,unknown
test@gmail.com,2025-03-10 00:16:25,neutral,0.6703986525535583,unknown
test@gmail.com,2025-03-10 00:16:25,neutral,0.7173898816108704,unknown
test@gmail.com,2025-03-10 00:16:25,neutral,0.8285170793533325,unknown
test@gmail.com,2025-03-10 00:16:26,neutral,0.7205837368965149,unknown
test@gmail.com,2025-03-10 00:16:26,neutral,0.7557854056358337,unknown
test@gmail.com,2025-03-10 00:16:26,neutral,0.7205592393875122,unknown
test@gmail.com,2025-03-10 00:16:26,neutral,0.652470588684082,unknown
test@gmail.com,2025-03-10 00:16:26,sad,0.4129910469055176,unknown
test@gmail.com,2025-03-10 00:16:26,sad,0.7182627320289612,unknown
test@gmail.com,2025-03-10 00:16:26,neutral,0.3834972083568573,unknown
test@gmail.com,2025-03-10 00:16:27,sad,0.5314264893531799,unknown
test@gmail.com,2025-03-10 00:16:27,neutral,0.5546358823776245,unknown
test@gmail.com,2025-03-10 00:16:27,neutral,0.8209123611450195,unknown
test@gmail.com,2025-03-10 00:16:27,surprise,0.7899248600006104,unknown
test@gmail.com,2025-03-10 00:16:27,neutral,0.7050632834434509,unknown
test@gmail.com,2025-03-10 00:16:27,neutral,0.6730396747589111,unknown
test@gmail.com,2025-03-10 00:16:27,neutral,0.5584931969642639,unknown
test@gmail.com,2025-03-10 00:16:27,neutral,0.3601179122924804,unknown
test@gmail.com,2025-03-10 00:16:27,sad,0.5137650370597839,unknown
test@gmail.com,2025-03-10 00:16:27,sad,0.5137650370597839,unknown
test@gmail.com,2025-03-10 00:16:28,fear,0.7496260404586792,unknown
test@gmail.com,2025-03-10 00:16:28,sad,0.8100928068161011,unknown
test@gmail.com,2025-03-10 00:16:28,neutral,0.4773995876312256,unknown
test@gmail.com,2025-03-10 00:16:28,neutral,0.3691677153110504,unknown
test@gmail.com,2025-03-10 00:16:28,neutral,0.8563753962516785,unknown
test@gmail.com,2025-03-10 00:16:28,neutral,0.5662379264831543,unknown
test@gmail.com,2025-03-10 00:16:28,sad,0.649220883846283,unknown
test@gmail.com,2025-03-10 00:16:28,sad,0.4131142199039459,unknown
test@gmail.com,2025-03-10 00:16:29,sad,0.7804470658302307,unknown
test@gmail.com,2025-03-10 00:16:29,sad,0.7595502138137817,unknown
test@gmail.com,2025-03-10 00:16:29,sad,0.7595502138137817,unknown
test@gmail.com,2025-03-10 00:16:29,sad,0.5526442527770996,unknown
test@gmail.com,2025-03-10 00:16:29,sad,0.5526442527770996,unknown
test@gmail.com,2025-03-10 00:16:29,neutral,0.8545184135437012,unknown
test@gmail.com,2025-03-10 00:16:29,fear,0.4338124990463257,unknown
test@gmail.com,2025-03-10 00:16:29,anger,0.3342752456665039,unknown
test@gmail.com,2025-03-10 00:16:30,sad,0.6068714261054993,unknown
test@gmail.com,2025-03-10 00:16:32,sad,0.8760955333709717,unknown
test@gmail.com,2025-03-10 00:16:32,sad,0.7523655891418457,unknown
test@gmail.com,2025-03-10 00:16:32,sad,0.9447839260101318,unknown
test@gmail.com,2025-03-10 00:16:32,sad,0.7750279307365417,unknown
test@gmail.com,2025-03-10 00:16:34,neutral,0.5362030267715454,unknown
test@gmail.com,2025-03-10 00:16:34,neutral,0.5362030267715454,unknown
test@gmail.com,2025-03-10 00:16:34,sad,0.8133686780929565,unknown
test@gmail.com,2025-03-10 00:16:34,sad,0.705028235912323,unknown
test@gmail.com,2025-03-10 00:16:34,sad,0.8475149273872375,unknown
test@gmail.com,2025-03-10 00:16:34,neutral,0.7767916321754456,unknown
test@gmail.com,2025-03-10 00:16:34,neutral,0.7404336333274841,unknown
test@gmail.com,2025-03-10 00:16:35,neutral,0.7933292388916016,unknown
test@gmail.com,2025-03-10 00:16:35,neutral,0.7356322407722473,unknown
test@gmail.com,2025-03-10 00:16:35,neutral,0.7774800062179565,unknown
test@gmail.com,2025-03-10 00:16:35,neutral,0.7150804996490479,unknown
test@gmail.com,2025-03-10 00:16:35,neutral,0.8408102989196777,unknown
test@gmail.com,2025-03-10 00:16:35,neutral,0.5066328048706055,unknown
test@gmail.com,2025-03-10 00:16:35,neutral,0.4853192865848541,unknown
test@gmail.com,2025-03-10 00:16:35,neutral,0.4853192865848541,unknown
test@gmail.com,2025-03-10 00:16:35,fear,0.528854489326477,unknown
test@gmail.com,2025-03-10 00:16:35,neutral,0.6508244276046753,unknown
test@gmail.com,2025-03-10 00:16:36,anger,0.5472800731658936,unknown
test@gmail.com,2025-03-10 00:16:36,sad,0.4623597264289856,unknown
test@gmail.com,2025-03-10 00:16:36,fear,0.4846396744251251,unknown
test@gmail.com,2025-03-10 00:16:36,fear,0.4846396744251251,unknown
test@gmail.com,2025-03-10 00:16:36,neutral,0.346475601196289,unknown
test@gmail.com,2025-03-10 00:16:36,neutral,0.7030329704284668,unknown
test@gmail.com,2025-03-10 00:16:36,neutral,0.5804510116577148,unknown
test@gmail.com,2025-03-10 00:16:36,neutral,0.4534990191459656,unknown
test@gmail.com,2025-03-10 00:16:36,neutral,0.4173565506935119,unknown
test@gmail.com,2025-03-10 00:16:36,neutral,0.3222277760505676,unknown
test@gmail.com,2025-03-10 00:16:36,sad,0.574425220489502,unknown
test@gmail.com,2025-03-10 00:16:36,sad,0.574425220489502,unknown
test@gmail.com,2025-03-10 00:16:37,neutral,0.5436584949493408,unknown
test@gmail.com,2025-03-10 00:16:37,neutral,0.3191214501857757,unknown
test@gmail.com,2025-03-10 00:16:37,neutral,0.6492847204208374,unknown
test@gmail.com,2025-03-10 00:16:37,sad,0.3761829137802124,unknown
test@gmail.com,2025-03-10 00:16:37,sad,0.4580930769443512,unknown
test@gmail.com,2025-03-10 00:16:37,sad,0.4580930769443512,unknown
test@gmail.com,2025-03-10 00:16:37,sad,0.3567148149013519,unknown
test@gmail.com,2025-03-10 00:16:37,neutral,0.5416401624679565,unknown
test@gmail.com,2025-03-10 00:16:37,sad,0.3773806691169739,unknown
test@gmail.com,2025-03-10 00:16:37,sad,0.6258642673492432,unknown
test@gmail.com,2025-03-10 00:16:37,sad,0.6721561551094055,unknown
test@gmail.com,2025-03-10 00:16:37,sad,0.4310465455055237,unknown
test@gmail.com,2025-03-10 00:16:37,sad,0.6719179749488831,unknown
test@gmail.com,2025-03-10 00:16:38,sad,0.6719179749488831,unknown
test@gmail.com,2025-03-10 00:16:38,sad,0.6357327699661255,unknown
test@gmail.com,2025-03-10 00:16:38,sad,0.5683974623680115,unknown
test@gmail.com,2025-03-10 00:16:38,sad,0.6759301424026489,unknown
test@gmail.com,2025-03-10 00:16:38,sad,0.5264285802841187,unknown
test@gmail.com,2025-03-10 00:16:38,sad,0.5442079305648804,unknown
test@gmail.com,2025-03-10 00:16:38,sad,0.571536123752594,unknown
test@gmail.com,2025-03-10 00:16:38,sad,0.571536123752594,unknown
test@gmail.com,2025-03-10 00:16:38,sad,0.5996493697166443,unknown
test@gmail.com,2025-03-10 00:16:38,fear,0.6001496911048889,unknown
test@gmail.com,2025-03-10 00:16:38,sad,0.6630357503890991,unknown
test@gmail.com,2025-03-10 00:16:38,sad,0.6874715685844421,unknown
test@gmail.com,2025-03-10 00:16:39,sad,0.5972183346748352,unknown
test@gmail.com,2025-03-10 00:16:39,sad,0.7583909630775452,unknown
test@gmail.com,2025-03-10 00:16:39,sad,0.5013956427574158,unknown
test@gmail.com,2025-03-10 00:16:39,sad,0.5013956427574158,unknown
test@gmail.com,2025-03-10 00:16:39,sad,0.5116378664970398,unknown
test@gmail.com,2025-03-10 00:16:39,sad,0.651282548904419,unknown
test@gmail.com,2025-03-10 00:16:39,neutral,0.4899538159370422,unknown
test@gmail.com,2025-03-10 00:16:39,fear,0.4078012406826019,unknown
test@gmail.com,2025-03-10 00:16:39,neutral,0.4780507981777191,unknown
test@gmail.com,2025-03-10 00:16:39,neutral,0.5722634792327881,unknown
test@gmail.com,2025-03-10 00:16:39,sad,0.5044391751289368,unknown
test@gmail.com,2025-03-10 00:16:39,sad,0.5044391751289368,unknown
test@gmail.com,2025-03-10 00:16:40,sad,0.4741718173027038,unknown
test@gmail.com,2025-03-10 00:16:40,sad,0.4741718173027038,unknown
test@gmail.com,2025-03-10 00:16:40,sad,0.8629960417747498,unknown
test@gmail.com,2025-03-10 00:16:40,sad,0.5671091079711914,unknown
test@gmail.com,2025-03-10 00:16:40,sad,0.5671091079711914,unknown
test@gmail.com,2025-03-10 00:16:40,neutral,0.7146774530410767,unknown
test@gmail.com,2025-03-10 00:16:40,neutral,0.530582845211029,unknown
test@gmail.com,2025-03-10 00:16:40,neutral,0.4088602066040039,unknown
test@gmail.com,2025-03-10 00:16:40,sad,0.4307502210140228,unknown
test@gmail.com,2025-03-10 00:16:40,sad,0.4090833663940429,unknown
test@gmail.com,2025-03-10 00:16:40,neutral,0.6621527671813965,unknown
test@gmail.com,2025-03-10 00:16:41,neutral,0.5580033659934998,unknown
test@gmail.com,2025-03-10 00:16:41,neutral,0.7521375417709351,unknown
test@gmail.com,2025-03-10 00:16:41,neutral,0.6666186451911926,unknown
test@gmail.com,2025-03-10 00:16:41,neutral,0.5113359093666077,unknown
test@gmail.com,2025-03-10 00:16:41,neutral,0.5113359093666077,unknown
test@gmail.com,2025-03-10 00:16:41,neutral,0.8114404678344727,unknown
test@gmail.com,2025-03-10 00:16:41,neutral,0.7067128419876099,unknown
test@gmail.com,2025-03-10 00:16:41,neutral,0.5092685222625732,unknown
test@gmail.com,2025-03-10 00:16:41,neutral,0.4603908061981201,unknown
test@gmail.com,2025-03-10 00:16:41,sad,0.6658250093460083,unknown
test@gmail.com,2025-03-10 00:16:41,neutral,0.5383843779563904,unknown
test@gmail.com,2025-03-10 00:17:07,sad,0.5716831088066101,unknown
test@gmail.com,2025-03-10 00:17:07,sad,0.5716831088066101,unknown
test@gmail.com,2025-03-10 00:17:07,neutral,0.6588553786277771,unknown
test@gmail.com,2025-03-10 00:17:07,neutral,0.647314727306366,unknown
test@gmail.com,2025-03-10 00:17:07,neutral,0.647314727306366,unknown
test@gmail.com,2025-03-10 00:17:08,neutral,0.5593336820602417,unknown
test@gmail.com,2025-03-10 00:17:08,neutral,0.5664858222007751,unknown
test@gmail.com,2025-03-10 00:17:08,neutral,0.7191867232322693,unknown
test@gmail.com,2025-03-10 00:17:08,neutral,0.7344188094139099,unknown
test@gmail.com,2025-03-10 00:17:08,neutral,0.5887970328330994,unknown
test@gmail.com,2025-03-10 00:17:08,neutral,0.5179201364517212,unknown
test@gmail.com,2025-03-10 00:17:08,neutral,0.5179201364517212,unknown
test@gmail.com,2025-03-10 00:17:08,sad,0.4812673330307007,unknown
test@gmail.com,2025-03-10 00:17:08,sad,0.4304881691932678,unknown
test@gmail.com,2025-03-10 00:17:08,sad,0.6979538202285767,unknown
test@gmail.com,2025-03-10 00:17:14,neutral,0.6788409948348999,unknown
test@gmail.com,2025-03-10 00:17:14,neutral,0.5322320461273193,unknown
test@gmail.com,2025-03-10 00:17:14,neutral,0.5322320461273193,unknown
test@gmail.com,2025-03-10 00:17:14,neutral,0.5350268483161926,unknown
test@gmail.com,2025-03-10 00:17:14,fear,0.9250758290290833,unknown
test@gmail.com,2025-03-10 00:17:14,fear,0.9250758290290833,unknown
test@gmail.com,2025-03-10 00:17:14,sad,0.6765768527984619,unknown
test@gmail.com,2025-03-10 00:17:14,fear,0.4044187664985657,unknown
test@gmail.com,2025-03-10 00:17:15,sad,0.3125816285610199,unknown
test@gmail.com,2025-03-10 00:17:20,neutral,0.5451998710632324,unknown
test@gmail.com,2025-03-10 00:17:20,neutral,0.646706223487854,unknown
test@gmail.com,2025-03-10 00:17:20,neutral,0.646706223487854,unknown
test@gmail.com,2025-03-10 00:17:20,sad,0.672018826007843,unknown
test@gmail.com,2025-03-10 00:17:21,neutral,0.4218063652515411,unknown
test@gmail.com,2025-03-10 00:17:21,neutral,0.4218063652515411,unknown
test@gmail.com,2025-03-10 00:17:21,sad,0.6926196813583374,unknown
test@gmail.com,2025-03-10 00:17:21,sad,0.7864767909049988,unknown
test@gmail.com,2025-03-10 00:17:22,sad,0.5571617484092712,unknown
test@gmail.com,2025-03-10 00:17:22,sad,0.5571617484092712,unknown
test@gmail.com,2025-03-10 00:17:22,sad,0.8815957903862,unknown
test@gmail.com,2025-03-10 00:17:24,sad,0.87281334400177,unknown
test@gmail.com,2025-03-10 00:17:24,sad,0.87281334400177,unknown
test@gmail.com,2025-03-10 00:17:24,sad,0.8210949301719666,unknown
test@gmail.com,2025-03-10 00:17:24,sad,0.9615434408187866,unknown
test@gmail.com,2025-03-10 00:17:24,sad,0.9480682015419006,unknown
test@gmail.com,2025-03-10 00:17:24,sad,0.9361353516578674,unknown
test@gmail.com,2025-03-10 00:17:25,sad,0.9361353516578674,unknown
test@gmail.com,2025-03-10 00:17:34,neutral,0.4799035787582397,unknown
test@gmail.com,2025-03-10 00:17:34,neutral,0.4799035787582397,unknown
test@gmail.com,2025-03-10 00:17:34,neutral,0.6422742605209351,unknown
test@gmail.com,2025-03-10 00:17:34,neutral,0.750359833240509,unknown
test@gmail.com,2025-03-10 00:17:36,sad,0.5964953899383545,unknown
test@gmail.com,2025-03-10 00:17:36,sad,0.6258049607276917,unknown
test@gmail.com,2025-03-10 00:17:36,sad,0.6258049607276917,unknown
test@gmail.com,2025-03-10 00:17:36,neutral,0.6199307441711426,unknown
test@gmail.com,2025-03-10 00:17:37,sad,0.433216392993927,unknown
test@gmail.com,2025-03-10 00:17:37,sad,0.433216392993927,unknown
test@gmail.com,2025-03-10 00:17:37,sad,0.6735258102416992,unknown
test@gmail.com,2025-03-10 00:17:38,neutral,0.6019773483276367,unknown
test@gmail.com,2025-03-10 00:17:38,sad,0.7139702439308167,unknown
test@gmail.com,2025-03-10 00:17:38,sad,0.7139702439308167,unknown
test@gmail.com,2025-03-10 00:17:45,fear,0.9343609809875488,unknown
test@gmail.com,2025-03-10 00:17:45,fear,0.9343609809875488,unknown
test@gmail.com,2025-03-10 00:17:48,neutral,0.6731488704681396,unknown
test@gmail.com,2025-03-10 00:17:48,neutral,0.6731488704681396,unknown
test@gmail.com,2025-03-10 00:17:48,neutral,0.7980572581291199,unknown
test@gmail.com,2025-03-10 00:17:48,neutral,0.695006787776947,unknown
test@gmail.com,2025-03-10 00:17:48,neutral,0.6559504270553589,unknown
test@gmail.com,2025-03-10 00:17:49,neutral,0.7339571118354797,unknown
test@gmail.com,2025-03-10 00:17:49,neutral,0.7339571118354797,unknown
test@gmail.com,2025-03-10 00:17:49,neutral,0.9271248579025269,unknown
test@gmail.com,2025-03-10 00:17:51,sad,0.5873457789421082,unknown
test@gmail.com,2025-03-10 00:17:51,sad,0.5873457789421082,unknown
test@gmail.com,2025-03-10 00:17:51,sad,0.4725558757781982,unknown
test@gmail.com,2025-03-10 00:17:51,sad,0.5855613350868225,unknown
test@gmail.com,2025-03-10 00:17:51,sad,0.5855613350868225,unknown
test@gmail.com,2025-03-10 00:17:51,sad,0.8354041576385498,unknown
test@gmail.com,2025-03-10 00:17:52,sad,0.8354041576385498,unknown
test@gmail.com,2025-03-10 00:17:52,sad,0.7855364084243774,unknown
test@gmail.com,2025-03-10 00:17:52,sad,0.8795268535614014,unknown
test@gmail.com,2025-03-10 00:17:52,sad,0.8653464317321777,unknown
test@gmail.com,2025-03-10 00:17:52,sad,0.8102502226829529,unknown
test@gmail.com,2025-03-10 00:17:52,sad,0.8102502226829529,unknown
test@gmail.com,2025-03-10 00:18:09,sad,0.8854187726974487,unknown
test@gmail.com,2025-03-10 00:18:09,sad,0.8854187726974487,unknown
test@gmail.com,2025-03-10 00:18:09,sad,0.7711410522460938,unknown
test@gmail.com,2025-03-10 00:18:09,sad,0.6138214468955994,unknown
test@gmail.com,2025-03-10 00:18:09,sad,0.6773622632026672,unknown
test@gmail.com,2025-03-10 00:18:09,neutral,0.6082112789154053,unknown
test@gmail.com,2025-03-10 00:18:09,neutral,0.6082112789154053,unknown
test@gmail.com,2025-03-10 00:18:10,sad,0.5677360892295837,unknown
test@gmail.com,2025-03-10 00:18:11,neutral,0.7300013899803162,unknown
test@gmail.com,2025-03-10 00:18:11,neutral,0.4503338038921356,unknown
test@gmail.com,2025-03-10 00:18:12,neutral,0.4503338038921356,unknown
test@gmail.com,2025-03-10 00:18:12,sad,0.4270960986614227,unknown
test@gmail.com,2025-03-10 00:18:12,sad,0.3814961016178131,unknown
test@gmail.com,2025-03-10 00:18:12,sad,0.5661922693252563,unknown
test@gmail.com,2025-03-10 00:18:12,sad,0.5297505855560303,unknown
test@gmail.com,2025-03-10 00:18:12,sad,0.5297505855560303,unknown
test@gmail.com,2025-03-10 00:18:12,neutral,0.4594954550266266,unknown
test@gmail.com,2025-03-10 00:18:12,sad,0.7563959360122681,unknown
test@gmail.com,2025-03-10 00:18:12,sad,0.6530382633209229,unknown
test@gmail.com,2025-03-10 00:18:12,sad,0.6283434629440308,unknown
test@gmail.com,2025-03-10 00:18:12,sad,0.644545316696167,unknown
test@gmail.com,2025-03-10 00:18:12,sad,0.644545316696167,unknown
test@gmail.com,2025-03-10 00:18:12,neutral,0.6352791786193848,unknown
test@gmail.com,2025-03-10 00:18:13,anger,0.5767797827720642,unknown
test@gmail.com,2025-03-10 00:18:13,sad,0.5007196068763733,unknown
test@gmail.com,2025-03-10 00:18:13,sad,0.5007196068763733,unknown
test@gmail.com,2025-03-10 00:18:13,sad,0.6773451566696167,unknown
test@gmail.com,2025-03-10 00:18:13,sad,0.892845630645752,unknown
test@gmail.com,2025-03-10 00:18:13,sad,0.5520766973495483,unknown
test@gmail.com,2025-03-10 00:18:13,neutral,0.4094516634941101,unknown
test@gmail.com,2025-03-10 00:18:13,neutral,0.5678220987319946,unknown
test@gmail.com,2025-03-10 00:18:13,sad,0.7511694431304932,unknown
test@gmail.com,2025-03-10 00:18:13,sad,0.7511694431304932,unknown
test@gmail.com,2025-03-10 00:18:13,sad,0.5293468832969666,unknown
test@gmail.com,2025-03-10 00:18:13,neutral,0.7448458075523376,unknown
test@gmail.com,2025-03-10 00:18:13,neutral,0.6139510869979858,unknown
test@gmail.com,2025-03-10 00:18:13,sad,0.625546932220459,unknown
test@gmail.com,2025-03-10 00:18:14,sad,0.6674284934997559,unknown
test@gmail.com,2025-03-10 00:18:14,neutral,0.8424217104911804,unknown
test@gmail.com,2025-03-10 00:18:14,neutral,0.8424217104911804,unknown
test@gmail.com,2025-03-10 00:18:14,sad,0.6703535914421082,unknown
test@gmail.com,2025-03-10 00:18:14,sad,0.7159997820854187,unknown
test@gmail.com,2025-03-10 00:18:14,neutral,0.5478687286376953,unknown
test@gmail.com,2025-03-10 00:18:14,sad,0.4246721267700195,unknown
test@gmail.com,2025-03-10 00:18:14,sad,0.4468064904212951,unknown
test@gmail.com,2025-03-10 00:18:14,sad,0.4468064904212951,unknown
test@gmail.com,2025-03-10 00:18:14,neutral,0.6503880023956299,unknown
test@gmail.com,2025-03-10 00:18:14,neutral,0.6503880023956299,unknown
test@gmail.com,2025-03-10 00:18:14,neutral,0.771867036819458,unknown
test@gmail.com,2025-03-10 00:18:15,neutral,0.4870787262916565,unknown
test@gmail.com,2025-03-10 00:18:15,neutral,0.7035418152809143,unknown
test@gmail.com,2025-03-10 00:18:15,neutral,0.5971465110778809,unknown
test@gmail.com,2025-03-10 00:18:15,neutral,0.5652732849121094,unknown
test@gmail.com,2025-03-10 00:18:15,sad,0.5174604058265686,unknown
test@gmail.com,2025-03-10 00:18:15,sad,0.5174604058265686,unknown
test@gmail.com,2025-03-10 00:18:15,neutral,0.586103081703186,unknown
test@gmail.com,2025-03-10 00:18:15,neutral,0.7001588940620422,unknown
test@gmail.com,2025-03-10 00:18:15,neutral,0.8746176362037659,unknown
test@gmail.com,2025-03-10 00:18:15,neutral,0.7121089696884155,unknown
test@gmail.com,2025-03-10 00:18:15,neutral,0.5891623497009277,unknown
test@gmail.com,2025-03-10 00:18:15,neutral,0.5891623497009277,unknown
test@gmail.com,2025-03-10 00:18:16,neutral,0.80632483959198,unknown
test@gmail.com,2025-03-10 00:18:16,sad,0.5529191493988037,unknown
test@gmail.com,2025-03-10 00:18:16,neutral,0.6284169554710388,unknown
test@gmail.com,2025-03-10 00:18:16,sad,0.5825140476226807,unknown
test@gmail.com,2025-03-10 00:18:16,anger,0.4487610161304474,unknown
test@gmail.com,2025-03-10 00:18:16,neutral,0.5497441291809082,unknown
test@gmail.com,2025-03-10 00:18:16,neutral,0.5497441291809082,unknown
test@gmail.com,2025-03-10 00:18:16,neutral,0.5705026984214783,unknown
test@gmail.com,2025-03-10 00:18:16,neutral,0.8255045413970947,unknown
test@gmail.com,2025-03-10 00:18:16,neutral,0.8646045923233032,unknown
test@gmail.com,2025-03-10 00:18:16,neutral,0.7147717475891113,unknown
test@gmail.com,2025-03-10 00:18:16,neutral,0.5963888168334961,unknown
test@gmail.com,2025-03-10 00:18:16,neutral,0.8387389183044434,unknown
test@gmail.com,2025-03-10 00:18:17,neutral,0.8387389183044434,unknown
test@gmail.com,2025-03-10 00:18:17,neutral,0.8359057307243347,unknown
test@gmail.com,2025-03-10 00:18:17,neutral,0.7122496366500854,unknown
test@gmail.com,2025-03-10 00:18:17,neutral,0.7122496366500854,unknown
test@gmail.com,2025-03-10 00:18:17,neutral,0.7918774485588074,unknown
test@gmail.com,2025-03-10 00:18:17,neutral,0.7293705940246582,unknown
test@gmail.com,2025-03-10 00:18:17,neutral,0.6232686638832092,unknown
test@gmail.com,2025-03-10 00:18:17,neutral,0.8415452241897583,unknown
test@gmail.com,2025-03-10 00:18:17,neutral,0.537427544593811,unknown
test@gmail.com,2025-03-10 00:18:17,neutral,0.5450693368911743,unknown
test@gmail.com,2025-03-10 00:18:17,neutral,0.7027433514595032,unknown
test@gmail.com,2025-03-10 00:18:17,neutral,0.7027433514595032,unknown
test@gmail.com,2025-03-10 00:18:18,neutral,0.8324108719825745,unknown
test@gmail.com,2025-03-10 00:18:18,neutral,0.841437041759491,unknown
test@gmail.com,2025-03-10 00:18:18,neutral,0.7995508909225464,unknown
test@gmail.com,2025-03-10 00:18:18,neutral,0.6992626786231995,unknown
test@gmail.com,2025-03-10 00:18:18,sad,0.5708136558532715,unknown
test@gmail.com,2025-03-10 00:18:18,neutral,0.6251879334449768,unknown
test@gmail.com,2025-03-10 00:18:18,neutral,0.5759125351905823,unknown
test@gmail.com,2025-03-10 00:18:18,neutral,0.749934732913971,unknown
test@gmail.com,2025-03-10 00:18:18,neutral,0.4970803558826446,unknown
test@gmail.com,2025-03-10 00:18:18,neutral,0.6416711807250977,unknown
test@gmail.com,2025-03-10 00:18:18,neutral,0.6416711807250977,unknown
test@gmail.com,2025-03-10 00:18:19,neutral,0.7368119359016418,unknown
test@gmail.com,2025-03-10 00:18:19,neutral,0.530971109867096,unknown
test@gmail.com,2025-03-10 00:18:19,neutral,0.733901858329773,unknown
test@gmail.com,2025-03-10 00:18:19,neutral,0.7325551509857178,unknown
test@gmail.com,2025-03-10 00:18:19,neutral,0.7325551509857178,unknown
test@gmail.com,2025-03-10 00:18:19,neutral,0.9297263026237488,unknown
test@gmail.com,2025-03-10 00:18:19,neutral,0.5698931813240051,unknown
test@gmail.com,2025-03-10 00:18:19,sad,0.7236229777336121,unknown
test@gmail.com,2025-03-10 00:18:37,fear,0.7780274748802185,unknown
test@gmail.com,2025-03-10 00:18:37,fear,0.8463260531425476,unknown
test@gmail.com,2025-03-10 00:18:38,fear,0.8463260531425476,unknown
test@gmail.com,2025-03-10 00:18:38,sad,0.4299921989440918,unknown
test@gmail.com,2025-03-10 00:18:38,sad,0.5892305374145508,unknown
test@gmail.com,2025-03-10 00:18:38,fear,0.359352707862854,unknown
test@gmail.com,2025-03-10 00:18:38,fear,0.359352707862854,unknown
test@gmail.com,2025-03-10 00:18:38,sad,0.8721104264259338,unknown
test@gmail.com,2025-03-10 00:18:38,sad,0.8721104264259338,unknown
test@gmail.com,2025-03-10 00:18:38,neutral,0.5601342916488647,unknown
test@gmail.com,2025-03-10 00:18:40,sad,0.6743005514144897,unknown
test@gmail.com,2025-03-10 00:18:40,sad,0.6743005514144897,unknown
test@gmail.com,2025-03-10 00:18:40,sad,0.4492150247097015,unknown
test@gmail.com,2025-03-10 00:18:40,sad,0.4966847002506256,unknown
test@gmail.com,2025-03-10 00:18:40,sad,0.5388787984848022,unknown
test@gmail.com,2025-03-10 00:18:40,neutral,0.4428871273994446,unknown
test@gmail.com,2025-03-10 00:18:40,neutral,0.7113068103790283,unknown
test@gmail.com,2025-03-10 00:18:42,fear,0.6454068422317505,unknown
test@gmail.com,2025-03-10 00:18:42,fear,0.6454068422317505,unknown
test@gmail.com,2025-03-10 00:18:42,sad,0.5869185328483582,unknown
test@gmail.com,2025-03-10 00:18:42,sad,0.5343716144561768,unknown
test@gmail.com,2025-03-10 00:18:42,sad,0.6257300972938538,unknown
test@gmail.com,2025-03-10 00:18:42,sad,0.6257300972938538,unknown
test@gmail.com,2025-03-10 00:18:42,neutral,0.5195909738540649,unknown
test@gmail.com,2025-03-10 00:18:42,sad,0.4905884861946106,unknown
test@gmail.com,2025-03-10 00:18:42,sad,0.7774356603622437,unknown
test@gmail.com,2025-03-10 00:18:42,sad,0.5186539888381958,unknown
test@gmail.com,2025-03-10 00:18:42,sad,0.6573752760887146,unknown
test@gmail.com,2025-03-10 00:18:42,sad,0.6573752760887146,unknown
test@gmail.com,2025-03-10 00:18:43,sad,0.7489811182022095,unknown
test@gmail.com,2025-03-10 00:18:43,sad,0.7612563371658325,unknown
test@gmail.com,2025-03-10 00:18:43,sad,0.6600877642631531,unknown
test@gmail.com,2025-03-10 00:18:43,sad,0.8404899835586548,unknown
test@gmail.com,2025-03-10 00:18:43,sad,0.7255231738090515,unknown
test@gmail.com,2025-03-10 00:18:43,sad,0.6745706796646118,unknown
test@gmail.com,2025-03-10 00:18:44,sad,0.7320892810821533,unknown
test@gmail.com,2025-03-10 00:18:44,sad,0.7320892810821533,unknown
test@gmail.com,2025-03-10 00:18:44,sad,0.6765952110290527,unknown
test@gmail.com,2025-03-10 00:18:44,sad,0.5125465989112854,unknown
test@gmail.com,2025-03-10 00:18:49,sad,0.7668324112892151,unknown
test@gmail.com,2025-03-10 00:18:49,sad,0.7668324112892151,unknown
test@gmail.com,2025-03-10 00:19:03,sad,0.3475461602210998,unknown
test@gmail.com,2025-03-10 00:19:03,sad,0.3475461602210998,unknown
test@gmail.com,2025-03-10 00:19:03,sad,0.4038982391357422,unknown
test@gmail.com,2025-03-10 00:19:03,anger,0.3589747250080108,unknown
test@gmail.com,2025-03-10 00:19:03,neutral,0.7880780100822449,unknown
test@gmail.com,2025-03-10 00:19:03,sad,0.5394144654273987,unknown
test@gmail.com,2025-03-10 00:19:04,sad,0.6077694892883301,unknown
test@gmail.com,2025-03-10 00:19:04,sad,0.6077694892883301,unknown
test@gmail.com,2025-03-10 00:19:04,fear,0.4560810625553131,unknown
test@gmail.com,2025-03-10 00:19:04,sad,0.6064370274543762,unknown
test@gmail.com,2025-03-10 00:19:04,sad,0.6649240255355835,unknown
test@gmail.com,2025-03-10 00:19:04,sad,0.6283597350120544,unknown
test@gmail.com,2025-03-10 00:19:04,neutral,0.4041868150234222,unknown
test@gmail.com,2025-03-10 00:19:04,neutral,0.4336906671524048,unknown
test@gmail.com,2025-03-10 00:19:04,neutral,0.4336906671524048,unknown
test@gmail.com,2025-03-10 00:19:04,sad,0.5128920674324036,unknown
test@gmail.com,2025-03-10 00:19:04,sad,0.5128920674324036,unknown
test@gmail.com,2025-03-10 00:19:05,neutral,0.632605254650116,unknown
test@gmail.com,2025-03-10 00:19:05,neutral,0.632605254650116,unknown
test@gmail.com,2025-03-10 00:19:05,neutral,0.5731121301651001,unknown
test@gmail.com,2025-03-10 00:19:05,sad,0.6557474136352539,unknown
test@gmail.com,2025-03-10 00:19:05,neutral,0.5743815898895264,unknown
test@gmail.com,2025-03-10 00:19:05,sad,0.5800803303718567,unknown
test@gmail.com,2025-03-10 00:19:05,neutral,0.4524660408496856,unknown
test@gmail.com,2025-03-10 00:19:05,sad,0.5098363757133484,unknown
test@gmail.com,2025-03-10 00:19:05,sad,0.5098363757133484,unknown
test@gmail.com,2025-03-10 00:19:05,sad,0.4737879931926727,unknown
test@gmail.com,2025-03-10 00:19:05,sad,0.6426677703857422,unknown
test@gmail.com,2025-03-10 00:19:05,neutral,0.6526535153388977,unknown
test@gmail.com,2025-03-10 00:19:06,neutral,0.4013825058937073,unknown
test@gmail.com,2025-03-10 00:19:06,sad,0.345121294260025,unknown
test@gmail.com,2025-03-10 00:19:06,sad,0.7806010842323303,unknown
test@gmail.com,2025-03-10 00:19:06,sad,0.6804686188697815,unknown
test@gmail.com,2025-03-10 00:19:06,sad,0.6804686188697815,unknown
test@gmail.com,2025-03-10 00:19:06,sad,0.6034525036811829,unknown
test@gmail.com,2025-03-10 00:19:06,sad,0.7509246468544006,unknown
test@gmail.com,2025-03-10 00:19:06,sad,0.51486736536026,unknown
test@gmail.com,2025-03-10 00:19:06,sad,0.7342533469200134,unknown
test@gmail.com,2025-03-10 00:19:06,sad,0.9238244891166688,unknown
test@gmail.com,2025-03-10 00:19:06,sad,0.8136098384857178,unknown
test@gmail.com,2025-03-10 00:19:06,sad,0.5901471972465515,unknown
test@gmail.com,2025-03-10 00:19:07,sad,0.6962320804595947,unknown
test@gmail.com,2025-03-10 00:19:07,sad,0.8971299529075623,unknown
test@gmail.com,2025-03-10 00:19:07,sad,0.8971299529075623,unknown
test@gmail.com,2025-03-10 00:19:07,sad,0.5698067545890808,unknown
test@gmail.com,2025-03-10 00:19:07,sad,0.5698067545890808,unknown
test@gmail.com,2025-03-10 00:19:07,neutral,0.4195097386837005,unknown
test@gmail.com,2025-03-10 00:19:07,neutral,0.5194628238677979,unknown
test@gmail.com,2025-03-10 00:19:07,sad,0.6686580181121826,unknown
test@gmail.com,2025-03-10 00:19:07,sad,0.6150074601173401,unknown
test@gmail.com,2025-03-10 00:19:08,sad,0.7666159868240356,unknown
test@gmail.com,2025-03-10 00:19:08,sad,0.7666159868240356,unknown
test@gmail.com,2025-03-10 00:19:08,sad,0.7337981462478638,unknown
test@gmail.com,2025-03-10 00:19:08,sad,0.8677833080291748,unknown
test@gmail.com,2025-03-10 00:19:08,sad,0.9184781312942504,unknown
test@gmail.com,2025-03-10 00:19:08,sad,0.7399349212646484,unknown
test@gmail.com,2025-03-10 00:19:08,sad,0.7999234199523926,unknown
test@gmail.com,2025-03-10 00:19:08,sad,0.5902960896492004,unknown
test@gmail.com,2025-03-10 00:19:08,sad,0.3633504509925842,unknown
test@gmail.com,2025-03-10 00:19:08,neutral,0.5945486426353455,unknown
test@gmail.com,2025-03-10 00:19:08,neutral,0.6137619018554688,unknown
test@gmail.com,2025-03-10 00:19:08,neutral,0.6137619018554688,unknown
test@gmail.com,2025-03-10 00:19:09,neutral,0.537018895149231,unknown
test@gmail.com,2025-03-10 00:19:09,sad,0.5254553556442261,unknown
test@gmail.com,2025-03-10 00:19:09,fear,0.4806685447692871,unknown
test@gmail.com,2025-03-10 00:19:09,fear,0.8818591237068176,unknown
test@gmail.com,2025-03-10 00:19:09,fear,0.94460529088974,unknown
test@gmail.com,2025-03-10 00:19:09,fear,0.5554587244987488,unknown
test@gmail.com,2025-03-10 00:19:09,fear,0.7133708596229553,unknown
test@gmail.com,2025-03-10 00:19:09,fear,0.7133708596229553,unknown
test@gmail.com,2025-03-10 00:19:09,neutral,0.5123245716094971,unknown
test@gmail.com,2025-03-10 00:19:09,neutral,0.4518638253211975,unknown
test@gmail.com,2025-03-10 00:19:09,neutral,0.6325489282608032,unknown
test@gmail.com,2025-03-10 00:19:09,neutral,0.6133508086204529,unknown
test@gmail.com,2025-03-10 00:19:09,neutral,0.829323410987854,unknown
test@gmail.com,2025-03-10 00:19:10,neutral,0.8714348673820496,unknown
test@gmail.com,2025-03-10 00:19:10,neutral,0.8714348673820496,unknown
test@gmail.com,2025-03-10 00:19:10,neutral,0.7112450003623962,unknown
test@gmail.com,2025-03-10 00:19:10,neutral,0.7872387766838074,unknown
test@gmail.com,2025-03-10 00:19:10,neutral,0.8149315714836121,unknown
test@gmail.com,2025-03-10 00:19:10,neutral,0.7647382616996765,unknown
test@gmail.com,2025-03-10 00:19:10,neutral,0.7972780466079712,unknown
test@gmail.com,2025-03-10 00:19:10,neutral,0.7972780466079712,unknown
test@gmail.com,2025-03-10 00:19:10,neutral,0.5237224698066711,unknown
test@gmail.com,2025-03-10 00:19:10,neutral,0.5237224698066711,unknown
test@gmail.com,2025-03-10 00:19:11,neutral,0.705567479133606,unknown
test@gmail.com,2025-03-10 00:19:11,sad,0.4210458993911743,unknown
test@gmail.com,2025-03-10 00:19:11,sad,0.5972887873649597,unknown
test@gmail.com,2025-03-10 00:19:11,sad,0.4670818150043487,unknown
test@gmail.com,2025-03-10 00:19:11,neutral,0.4005683958530426,unknown
test@gmail.com,2025-03-10 00:19:11,neutral,0.481198251247406,unknown
test@gmail.com,2025-03-10 00:19:11,anger,0.4373207688331604,unknown
test@gmail.com,2025-03-10 00:19:12,neutral,0.6046451330184937,unknown
test@gmail.com,2025-03-10 00:19:12,anger,0.4368429481983185,unknown
test@gmail.com,2025-03-10 00:19:12,neutral,0.4831545054912567,unknown
test@gmail.com,2025-03-10 00:19:12,anger,0.4655892550945282,unknown
test@gmail.com,2025-03-10 00:19:12,anger,0.4655892550945282,unknown
test@gmail.com,2025-03-10 00:19:12,anger,0.6633989214897156,unknown
test@gmail.com,2025-03-10 00:19:12,neutral,0.4295980930328369,unknown
test@gmail.com,2025-03-10 00:19:12,anger,0.4705893397331238,unknown
test@gmail.com,2025-03-10 00:19:12,neutral,0.3605033159255981,unknown
test@gmail.com,2025-03-10 00:19:13,sad,0.4281774163246155,unknown
test@gmail.com,2025-03-10 00:19:13,anger,0.5988960862159729,unknown
test@gmail.com,2025-03-10 00:19:13,sad,0.3999636173248291,unknown
test@gmail.com,2025-03-10 00:19:13,sad,0.3999636173248291,unknown
test@gmail.com,2025-03-10 00:19:13,anger,0.5026922225952148,unknown
test@gmail.com,2025-03-10 00:19:13,anger,0.5026922225952148,unknown
test@gmail.com,2025-03-10 00:19:13,anger,0.5884824991226196,unknown
test@gmail.com,2025-03-10 00:19:13,sad,0.4043356478214264,unknown
test@gmail.com,2025-03-10 00:19:13,neutral,0.3427371978759765,unknown
test@gmail.com,2025-03-10 00:19:13,anger,0.7326356172561646,unknown
test@gmail.com,2025-03-10 00:19:14,neutral,0.4099291861057281,unknown
test@gmail.com,2025-03-10 00:19:14,anger,0.5831575393676758,unknown
test@gmail.com,2025-03-10 00:19:14,sad,0.4844177067279815,unknown
test@gmail.com,2025-03-10 00:19:14,sad,0.6484847068786621,unknown
test@gmail.com,2025-03-10 00:19:14,sad,0.3558899462223053,unknown
test@gmail.com,2025-03-10 00:19:14,neutral,0.5388565063476562,unknown
test@gmail.com,2025-03-10 00:19:15,neutral,0.7144021987915039,unknown
test@gmail.com,2025-03-10 00:19:15,sad,0.5750470757484436,unknown
test@gmail.com,2025-03-10 00:19:15,neutral,0.7497994899749756,unknown
test@gmail.com,2025-03-10 00:19:15,neutral,0.5361731648445129,unknown
test@gmail.com,2025-03-10 00:19:15,neutral,0.4935824275016784,unknown
test@gmail.com,2025-03-10 00:19:15,sad,0.643681526184082,unknown
test@gmail.com,2025-03-10 00:19:15,sad,0.7683696746826172,unknown
test@gmail.com,2025-03-10 00:19:15,sad,0.4978936016559601,unknown
test@gmail.com,2025-03-10 00:19:16,sad,0.7283783555030823,unknown
test@gmail.com,2025-03-10 00:19:16,sad,0.8590039014816284,unknown
test@gmail.com,2025-03-10 00:19:16,sad,0.8265346884727478,unknown
test@gmail.com,2025-03-10 00:19:16,neutral,0.4813838303089142,unknown
test@gmail.com,2025-03-10 00:19:16,neutral,0.7062361240386963,unknown
test@gmail.com,2025-03-10 00:19:16,neutral,0.4805068075656891,unknown
test@gmail.com,2025-03-10 00:19:16,sad,0.5934540033340454,unknown
test@gmail.com,2025-03-10 00:19:16,sad,0.5159363746643066,unknown
test@gmail.com,2025-03-10 00:19:17,sad,0.356901079416275,unknown
test@gmail.com,2025-03-10 00:19:17,sad,0.3410738110542297,unknown
test@gmail.com,2025-03-10 00:19:17,sad,0.3441832065582275,unknown
test@gmail.com,2025-03-10 00:19:17,sad,0.835970938205719,unknown
test@gmail.com,2025-03-10 00:19:17,sad,0.5959489345550537,unknown
test@gmail.com,2025-03-10 00:19:17,sad,0.6089280247688293,unknown
test@gmail.com,2025-03-10 00:19:18,sad,0.8169321417808533,unknown
test@gmail.com,2025-03-10 00:19:18,sad,0.5890272855758667,unknown
test@gmail.com,2025-03-10 00:19:18,sad,0.5890272855758667,unknown
test@gmail.com,2025-03-10 00:19:18,neutral,0.5752110481262207,unknown
test@gmail.com,2025-03-10 00:19:18,sad,0.6645236015319824,unknown
test@gmail.com,2025-03-10 00:19:18,sad,0.4471472799777984,unknown
test@gmail.com,2025-03-10 00:19:18,neutral,0.48537477850914,unknown
test@gmail.com,2025-03-10 00:19:19,neutral,0.7012742757797241,unknown
test@gmail.com,2025-03-10 00:19:19,neutral,0.4852170348167419,unknown
test@gmail.com,2025-03-10 00:19:19,neutral,0.6888995170593262,unknown
test@gmail.com,2025-03-10 00:19:19,neutral,0.5060688853263855,unknown
test@gmail.com,2025-03-10 00:19:19,neutral,0.5060688853263855,unknown
test@gmail.com,2025-03-10 00:19:19,neutral,0.6715764999389648,unknown
test@gmail.com,2025-03-10 00:19:19,sad,0.7726613879203796,unknown
test@gmail.com,2025-03-10 00:19:19,neutral,0.5143978595733643,unknown
test@gmail.com,2025-03-10 00:19:20,neutral,0.4973266124725342,unknown
test@gmail.com,2025-03-10 00:19:20,neutral,0.6163305640220642,unknown
test@gmail.com,2025-03-10 00:19:20,neutral,0.4468007981777191,unknown
test@gmail.com,2025-03-10 00:19:20,neutral,0.4582387208938598,unknown
test@gmail.com,2025-03-10 00:19:20,neutral,0.4357751905918121,unknown
test@gmail.com,2025-03-10 00:19:20,neutral,0.4723937213420868,unknown
test@gmail.com,2025-03-10 00:19:20,fear,0.4418006241321563,unknown
test@gmail.com,2025-03-10 00:19:23,fear,0.5202023386955261,unknown
test@gmail.com,2025-03-10 00:19:23,fear,0.5202023386955261,unknown
test@gmail.com,2025-03-10 00:19:23,sad,0.7280935645103455,unknown
test@gmail.com,2025-03-10 00:19:23,neutral,0.5846254825592041,unknown
test@gmail.com,2025-03-10 00:19:23,sad,0.5502614974975586,unknown
test@gmail.com,2025-03-10 00:19:23,neutral,0.6147028803825378,unknown
test@gmail.com,2025-03-10 00:19:23,neutral,0.4819546639919281,unknown
test@gmail.com,2025-03-10 00:19:24,neutral,0.6590263247489929,unknown
test@gmail.com,2025-03-10 00:19:24,neutral,0.8467637300491333,unknown
test@gmail.com,2025-03-10 00:19:24,neutral,0.7072675228118896,unknown
test@gmail.com,2025-03-10 00:19:24,neutral,0.7569210529327393,unknown
test@gmail.com,2025-03-10 00:19:24,sad,0.4437814950942993,unknown
test@gmail.com,2025-03-10 00:19:24,neutral,0.7484681606292725,unknown
test@gmail.com,2025-03-10 00:19:24,neutral,0.6095033884048462,unknown
test@gmail.com,2025-03-10 00:19:24,neutral,0.6886388063430786,unknown
test@gmail.com,2025-03-10 00:19:24,sad,0.5297580361366272,unknown
test@gmail.com,2025-03-10 00:19:25,neutral,0.6051489114761353,unknown
test@gmail.com,2025-03-10 00:19:25,sad,0.9155930876731871,unknown
test@gmail.com,2025-03-10 00:19:25,sad,0.7563827037811279,unknown
test@gmail.com,2025-03-10 00:19:25,sad,0.6688973903656006,unknown
test@gmail.com,2025-03-10 00:19:25,sad,0.7703503370285034,unknown
test@gmail.com,2025-03-10 00:19:25,sad,0.865616500377655,unknown
test@gmail.com,2025-03-10 00:19:25,sad,0.5321899056434631,unknown
test@gmail.com,2025-03-10 00:19:25,sad,0.6753467321395874,unknown
test@gmail.com,2025-03-10 00:19:25,sad,0.7484772205352783,unknown
test@gmail.com,2025-03-10 00:19:26,sad,0.6440386772155762,unknown
test@gmail.com,2025-03-10 00:19:26,neutral,0.5724929571151733,unknown
test@gmail.com,2025-03-10 00:19:26,sad,0.5754179954528809,unknown
test@gmail.com,2025-03-10 00:19:26,fear,0.4953044652938843,unknown
test@gmail.com,2025-03-10 00:19:26,sad,0.8236997127532959,unknown
test@gmail.com,2025-03-10 00:19:26,sad,0.8094647526741028,unknown
test@gmail.com,2025-03-10 00:19:26,sad,0.6948054432868958,unknown
test@gmail.com,2025-03-10 00:19:26,sad,0.6267136335372925,unknown
test@gmail.com,2025-03-10 00:19:26,sad,0.4798953533172607,unknown
test@gmail.com,2025-03-10 00:19:27,sad,0.8496844172477722,unknown
test@gmail.com,2025-03-10 00:19:27,sad,0.8278756141662598,unknown
test@gmail.com,2025-03-10 00:19:27,sad,0.852622389793396,unknown
test@gmail.com,2025-03-10 00:19:27,sad,0.8154304027557373,unknown
test@gmail.com,2025-03-10 00:19:27,sad,0.853678286075592,unknown
test@gmail.com,2025-03-10 00:19:27,sad,0.7924730181694031,unknown
test@gmail.com,2025-03-10 00:19:27,sad,0.4200614690780639,unknown
test@gmail.com,2025-03-10 00:19:27,sad,0.6377212405204773,unknown
test@gmail.com,2025-03-10 00:19:28,surprise,0.5952273607254028,unknown
test@gmail.com,2025-03-10 00:19:28,surprise,0.5952273607254028,unknown
test@gmail.com,2025-03-10 00:19:28,contempt,0.3389427363872528,unknown
test@gmail.com,2025-03-10 00:19:28,contempt,0.3389427363872528,unknown
test@gmail.com,2025-03-10 00:19:29,neutral,0.7648344039916992,unknown
test@gmail.com,2025-03-10 00:19:29,neutral,0.3740877509117126,unknown
test@gmail.com,2025-03-10 00:19:29,sad,0.439637541770935,unknown
test@gmail.com,2025-03-10 00:19:29,sad,0.9664830565452576,unknown
test@gmail.com,2025-03-10 00:19:29,sad,0.9347920417785645,unknown
test@gmail.com,2025-03-10 00:19:29,sad,0.935856819152832,unknown
test@gmail.com,2025-03-10 00:19:29,sad,0.854428768157959,unknown
test@gmail.com,2025-03-10 00:19:29,sad,0.7685548067092896,unknown
test@gmail.com,2025-03-10 00:19:29,sad,0.8405473828315735,unknown
test@gmail.com,2025-03-10 00:19:30,sad,0.7548511624336243,unknown
test@gmail.com,2025-03-10 00:19:30,anger,0.7241422533988953,unknown
test@gmail.com,2025-03-10 00:19:30,sad,0.6477208733558655,unknown
test@gmail.com,2025-03-10 00:19:30,sad,0.5631149411201477,unknown
test@gmail.com,2025-03-10 00:19:30,sad,0.7970874905586243,unknown
test@gmail.com,2025-03-10 00:19:30,sad,0.8455390334129333,unknown
test@gmail.com,2025-03-10 00:19:30,sad,0.8731025457382202,unknown
test@gmail.com,2025-03-10 00:19:31,sad,0.7636313438415527,unknown
test@gmail.com,2025-03-10 00:19:31,sad,0.6442841291427612,unknown
test@gmail.com,2025-03-10 00:19:31,sad,0.6629490256309509,unknown
test@gmail.com,2025-03-10 00:19:31,sad,0.7430909276008606,unknown
test@gmail.com,2025-03-10 00:19:31,sad,0.6260075569152832,unknown
test@gmail.com,2025-03-10 00:19:31,sad,0.7891055345535278,unknown
test@gmail.com,2025-03-10 00:19:31,sad,0.9794046878814696,unknown
test@gmail.com,2025-03-10 00:19:31,sad,0.8157097101211548,unknown
test@gmail.com,2025-03-10 00:19:32,sad,0.6121491193771362,unknown
test@gmail.com,2025-03-10 00:19:32,neutral,0.3855482041835785,unknown
test@gmail.com,2025-03-10 00:19:32,sad,0.4483291506767273,unknown
test@gmail.com,2025-03-10 00:19:32,sad,0.7622671127319336,unknown
test@gmail.com,2025-03-10 00:19:32,sad,0.3711271286010742,unknown
test@gmail.com,2025-03-10 00:19:32,fear,0.6513685584068298,unknown
test@gmail.com,2025-03-10 00:19:33,sad,0.5453816652297974,unknown
test@gmail.com,2025-03-10 00:19:33,sad,0.679865300655365,unknown
test@gmail.com,2025-03-10 00:19:33,sad,0.5533653497695923,unknown
test@gmail.com,2025-03-10 00:19:33,sad,0.5533653497695923,unknown
test@gmail.com,2025-03-10 00:19:33,sad,0.6039623618125916,unknown
test@gmail.com,2025-03-10 00:19:33,sad,0.8058163523674011,unknown
test@gmail.com,2025-03-10 00:19:33,sad,0.6093740463256836,unknown
test@gmail.com,2025-03-10 00:19:34,sad,0.8579080104827881,unknown
test@gmail.com,2025-03-10 00:19:34,sad,0.622061550617218,unknown
test@gmail.com,2025-03-10 00:19:34,sad,0.834338366985321,unknown
test@gmail.com,2025-03-10 00:19:34,sad,0.7005673050880432,unknown
test@gmail.com,2025-03-10 00:19:34,sad,0.8220741152763367,unknown
test@gmail.com,2025-03-10 00:19:34,sad,0.9246204495429992,unknown
test@gmail.com,2025-03-10 00:19:34,sad,0.7302910685539246,unknown
test@gmail.com,2025-03-10 00:19:34,fear,0.7003557085990906,unknown
test@gmail.com,2025-03-10 00:19:34,sad,0.7398346662521362,unknown
test@gmail.com,2025-03-10 00:19:34,sad,0.797275722026825,unknown
test@gmail.com,2025-03-10 00:19:35,sad,0.6886134743690491,unknown
test@gmail.com,2025-03-10 00:19:35,sad,0.6886134743690491,unknown
test@gmail.com,2025-03-10 00:19:35,sad,0.8382914066314697,unknown
test@gmail.com,2025-03-10 00:19:36,fear,0.5796448588371277,unknown
test@gmail.com,2025-03-10 00:19:36,fear,0.5796448588371277,unknown
test@gmail.com,2025-03-10 00:19:44,sad,0.7028066515922546,unknown
test@gmail.com,2025-03-10 00:19:44,sad,0.7028066515922546,unknown
test@gmail.com,2025-03-10 00:19:44,sad,0.7368378043174744,unknown
test@gmail.com,2025-03-10 00:19:44,sad,0.9297212362289428,unknown
test@gmail.com,2025-03-10 00:19:44,sad,0.8780103325843811,unknown
test@gmail.com,2025-03-10 00:19:44,sad,0.8780103325843811,unknown
test@gmail.com,2025-03-10 00:19:44,sad,0.7862367033958435,unknown
test@gmail.com,2025-03-10 00:19:44,sad,0.5507258176803589,unknown
test@gmail.com,2025-03-10 00:20:14,fear,0.6748031973838806,unknown
test@gmail.com,2025-03-10 00:20:15,sad,0.6182348728179932,unknown
test@gmail.com,2025-03-10 00:20:15,sad,0.6750324368476868,unknown
test@gmail.com,2025-03-10 00:20:15,sad,0.8713762164115906,unknown
test@gmail.com,2025-03-10 00:20:15,sad,0.709044337272644,unknown
test@gmail.com,2025-03-10 00:20:15,sad,0.948351800441742,unknown
test@gmail.com,2025-03-10 00:20:15,sad,0.9177090525627136,unknown
test@gmail.com,2025-03-10 00:20:15,sad,0.8945872187614441,unknown
test@gmail.com,2025-03-10 00:20:15,sad,0.8234771490097046,unknown
test@gmail.com,2025-03-10 00:20:15,sad,0.7433088421821594,unknown
test@gmail.com,2025-03-10 00:20:16,sad,0.8341224789619446,unknown
test@gmail.com,2025-03-10 00:20:16,sad,0.8440295457839966,unknown
test@gmail.com,2025-03-10 00:20:16,sad,0.8341623544692993,unknown
test@gmail.com,2025-03-10 00:20:16,sad,0.7726936340332031,unknown
test@gmail.com,2025-03-10 00:20:16,sad,0.9328030943870544,unknown
test@gmail.com,2025-03-10 00:20:16,sad,0.9328030943870544,unknown
test@gmail.com,2025-03-10 00:20:16,sad,0.8905050158500671,unknown
test@gmail.com,2025-03-10 00:20:16,sad,0.8227123618125916,unknown
test@gmail.com,2025-03-10 00:20:17,sad,0.9201743006706238,unknown
test@gmail.com,2025-03-10 00:20:17,sad,0.7985815405845642,unknown
test@gmail.com,2025-03-10 00:20:17,sad,0.8476568460464478,unknown
test@gmail.com,2025-03-10 00:20:17,sad,0.5538092255592346,unknown
test@gmail.com,2025-03-10 00:20:17,sad,0.8343919515609741,unknown
test@gmail.com,2025-03-10 00:20:17,sad,0.575803816318512,unknown
test@gmail.com,2025-03-10 00:20:17,sad,0.5107497572898865,unknown
test@gmail.com,2025-03-10 00:20:18,sad,0.8765828013420105,unknown
test@gmail.com,2025-03-10 00:20:18,sad,0.6705850958824158,unknown
test@gmail.com,2025-03-10 00:20:18,sad,0.8272386193275452,unknown
test@gmail.com,2025-03-10 00:20:18,sad,0.7762709856033325,unknown
test@gmail.com,2025-03-10 00:20:18,sad,0.5492537021636963,unknown
test@gmail.com,2025-03-10 00:20:18,contempt,0.4391002357006073,unknown
test@gmail.com,2025-03-10 00:20:18,contempt,0.624927818775177,unknown
test@gmail.com,2025-03-10 00:20:18,contempt,0.7422776818275452,unknown
test@gmail.com,2025-03-10 00:20:19,contempt,0.6775319576263428,unknown
test@gmail.com,2025-03-10 00:20:19,contempt,0.7462561130523682,unknown
test@gmail.com,2025-03-10 00:20:19,contempt,0.9392558932304382,unknown
test@gmail.com,2025-03-10 00:20:19,contempt,0.9382370114326476,unknown
test@gmail.com,2025-03-10 00:20:19,contempt,0.9382370114326476,unknown
test@gmail.com,2025-03-10 00:20:19,contempt,0.4546274840831756,unknown
test@gmail.com,2025-03-10 00:20:19,contempt,0.7684593200683594,unknown
test@gmail.com,2025-03-10 00:20:19,contempt,0.777711033821106,unknown
test@gmail.com,2025-03-10 00:20:19,contempt,0.777711033821106,unknown
test@gmail.com,2025-03-10 00:20:19,contempt,0.3333427608013153,unknown
test@gmail.com,2025-03-10 00:20:20,contempt,0.3333427608013153,unknown
test@gmail.com,2025-03-10 00:20:20,sad,0.7622100710868835,unknown
test@gmail.com,2025-03-10 00:20:20,sad,0.3810567855834961,unknown
test@gmail.com,2025-03-10 00:20:20,sad,0.3810567855834961,unknown
test@gmail.com,2025-03-10 00:20:20,sad,0.3907461166381836,unknown
test@gmail.com,2025-03-10 00:20:20,neutral,0.57979416847229,unknown
test@gmail.com,2025-03-10 00:20:20,sad,0.3140290677547455,unknown
test@gmail.com,2025-03-10 00:20:20,sad,0.5074131488800049,unknown
test@gmail.com,2025-03-10 00:20:20,neutral,0.4310216903686523,unknown
test@gmail.com,2025-03-10 00:20:20,sad,0.3932590186595917,unknown
test@gmail.com,2025-03-10 00:20:20,sad,0.4377569258213043,unknown
test@gmail.com,2025-03-10 00:20:21,neutral,0.5661565661430359,unknown
test@gmail.com,2025-03-10 00:20:21,sad,0.5449828505516052,unknown
test@gmail.com,2025-03-10 00:20:21,sad,0.5422715544700623,unknown
test@gmail.com,2025-03-10 00:20:21,sad,0.7489886283874512,unknown
test@gmail.com,2025-03-10 00:20:21,sad,0.4864917397499084,unknown
test@gmail.com,2025-03-10 00:20:21,sad,0.4712029695510864,unknown
test@gmail.com,2025-03-10 00:20:21,sad,0.717333197593689,unknown
test@gmail.com,2025-03-10 00:20:21,sad,0.6810697913169861,unknown
test@gmail.com,2025-03-10 00:20:21,neutral,0.5996311902999878,unknown
test@gmail.com,2025-03-10 00:20:22,sad,0.875825822353363,unknown
test@gmail.com,2025-03-10 00:20:22,sad,0.7686202526092529,unknown
test@gmail.com,2025-03-10 00:20:22,sad,0.5072022676467896,unknown
test@gmail.com,2025-03-10 00:20:22,sad,0.5428690910339355,unknown
test@gmail.com,2025-03-10 00:20:22,sad,0.6248788237571716,unknown
test@gmail.com,2025-03-10 00:20:22,sad,0.8295487761497498,unknown
test@gmail.com,2025-03-10 00:20:22,sad,0.6847541332244873,unknown
test@gmail.com,2025-03-10 00:20:22,sad,0.8863945007324219,unknown
test@gmail.com,2025-03-10 00:20:23,sad,0.5375807881355286,unknown
test@gmail.com,2025-03-10 00:20:23,sad,0.5375807881355286,unknown
test@gmail.com,2025-03-10 00:20:23,sad,0.749060332775116,unknown
test@gmail.com,2025-03-10 00:20:23,sad,0.7042604088783264,unknown
test@gmail.com,2025-03-10 00:20:23,sad,0.7154133915901184,unknown
test@gmail.com,2025-03-10 00:20:23,sad,0.9025061726570128,unknown
test@gmail.com,2025-03-10 00:20:23,sad,0.845373272895813,unknown
test@gmail.com,2025-03-10 00:20:23,sad,0.86514812707901,unknown
test@gmail.com,2025-03-10 00:20:23,sad,0.8514552712440491,unknown
test@gmail.com,2025-03-10 00:20:24,sad,0.6609545946121216,unknown
test@gmail.com,2025-03-10 00:20:24,sad,0.6640406250953674,unknown
test@gmail.com,2025-03-10 00:20:24,neutral,0.6838468313217163,unknown
test@gmail.com,2025-03-10 00:20:26,fear,0.7380098104476929,unknown
test@gmail.com,2025-03-10 00:20:26,fear,0.7380098104476929,unknown
test@gmail.com,2025-03-10 00:38:18,sad,0.8758205771446228,unknown
test@gmail.com,2025-03-10 00:38:18,sad,0.8561906814575195,unknown
test@gmail.com,2025-03-10 00:38:18,sad,0.8661599159240723,unknown
test@gmail.com,2025-03-10 00:38:18,sad,0.8385200500488281,unknown
test@gmail.com,2025-03-10 00:38:18,sad,0.7696859836578369,unknown
test@gmail.com,2025-03-10 00:38:18,fear,0.8758944869041443,unknown
test@gmail.com,2025-03-10 00:38:18,neutral,0.7782665491104126,unknown
test@gmail.com,2025-03-10 00:38:19,sad,0.9511231780052184,unknown
test@gmail.com,2025-03-10 00:38:19,neutral,0.7243785262107849,unknown
test@gmail.com,2025-03-10 00:38:19,sad,0.7910868525505066,unknown
test@gmail.com,2025-03-10 00:38:19,sad,0.6324270367622375,unknown
test@gmail.com,2025-03-10 00:38:19,sad,0.8275238871574402,unknown
test@gmail.com,2025-03-10 00:38:19,sad,0.87092125415802,unknown
test@gmail.com,2025-03-10 00:38:19,neutral,0.8304298520088196,unknown
test@gmail.com,2025-03-10 00:38:23,sad,0.7175900340080261,unknown
test@gmail.com,2025-03-10 00:38:23,sad,0.749670684337616,unknown
test@gmail.com,2025-03-10 00:38:23,neutral,0.5131112337112427,unknown
test@gmail.com,2025-03-10 00:38:23,neutral,0.5131112337112427,unknown
test@gmail.com,2025-03-10 00:38:23,neutral,0.5462855100631714,unknown
test@gmail.com,2025-03-10 00:38:23,neutral,0.5566108226776123,unknown
test@gmail.com,2025-03-10 00:38:23,neutral,0.4753628373146057,unknown
test@gmail.com,2025-03-10 00:38:23,sad,0.2920732498168945,unknown
test@gmail.com,2025-03-10 00:38:24,sad,0.4710141718387604,unknown
test@gmail.com,2025-03-10 00:38:24,sad,0.6979296803474426,unknown
test@gmail.com,2025-03-10 00:38:25,sad,0.6197898983955383,unknown
test@gmail.com,2025-03-10 00:38:25,sad,0.6197898983955383,unknown
test@gmail.com,2025-03-10 00:38:25,neutral,0.531691312789917,unknown
test@gmail.com,2025-03-10 00:38:25,neutral,0.487223744392395,unknown
test@gmail.com,2025-03-10 00:38:25,neutral,0.6732450723648071,unknown
test@gmail.com,2025-03-10 00:38:25,neutral,0.4248144924640655,unknown
test@gmail.com,2025-03-10 00:38:25,neutral,0.686944305896759,unknown
test@gmail.com,2025-03-10 00:38:26,neutral,0.7484071850776672,unknown
test@gmail.com,2025-03-10 00:38:26,neutral,0.7978305816650391,unknown
test@gmail.com,2025-03-10 00:38:26,neutral,0.6928536891937256,unknown
test@gmail.com,2025-03-10 00:38:26,neutral,0.8571271300315857,unknown
test@gmail.com,2025-03-10 00:38:26,neutral,0.8571271300315857,unknown
test@gmail.com,2025-03-10 00:38:26,neutral,0.4597324728965759,unknown
test@gmail.com,2025-03-10 00:38:26,sad,0.4251479506492615,unknown
test@gmail.com,2025-03-10 00:38:26,neutral,0.7501614093780518,unknown
test@gmail.com,2025-03-10 00:38:26,neutral,0.8256680369377136,unknown
test@gmail.com,2025-03-10 00:38:26,neutral,0.8445332646369934,unknown
test@gmail.com,2025-03-10 00:38:26,neutral,0.837119996547699,unknown
test@gmail.com,2025-03-10 00:38:27,neutral,0.7984470725059509,unknown
test@gmail.com,2025-03-10 00:38:27,neutral,0.6961158514022827,unknown
test@gmail.com,2025-03-10 00:38:27,neutral,0.8438222408294678,unknown
test@gmail.com,2025-03-10 00:38:27,neutral,0.4094047248363495,unknown
test@gmail.com,2025-03-10 00:38:27,neutral,0.4877501428127289,unknown
test@gmail.com,2025-03-10 00:38:27,neutral,0.4877501428127289,unknown
test@gmail.com,2025-03-10 00:38:27,sad,0.55841463804245,unknown
test@gmail.com,2025-03-10 00:38:27,sad,0.55841463804245,unknown
test@gmail.com,2025-03-10 00:38:27,neutral,0.5064635872840881,unknown
test@gmail.com,2025-03-10 00:38:27,neutral,0.8735863566398621,unknown
test@gmail.com,2025-03-10 00:38:27,neutral,0.6708067059516907,unknown
test@gmail.com,2025-03-10 00:38:27,neutral,0.4983387589454651,unknown
test@gmail.com,2025-03-10 00:38:28,neutral,0.7566533088684082,unknown
test@gmail.com,2025-03-10 00:38:28,neutral,0.69832444190979,unknown
test@gmail.com,2025-03-10 00:38:28,neutral,0.7299536466598511,unknown
test@gmail.com,2025-03-10 00:38:28,neutral,0.6022771000862122,unknown
test@gmail.com,2025-03-10 00:38:28,neutral,0.6022771000862122,unknown
test@gmail.com,2025-03-10 00:38:28,anger,0.3937796354293823,unknown
test@gmail.com,2025-03-10 00:38:28,anger,0.3937796354293823,unknown
test@gmail.com,2025-03-10 00:38:28,neutral,0.4484135210514068,unknown
test@gmail.com,2025-03-10 00:38:28,neutral,0.818726122379303,unknown
test@gmail.com,2025-03-10 00:38:28,neutral,0.516119658946991,unknown
test@gmail.com,2025-03-10 00:38:29,fear,0.5076732635498047,unknown
test@gmail.com,2025-03-10 00:38:29,fear,0.5076732635498047,unknown
test@gmail.com,2025-03-10 00:38:29,sad,0.3544461727142334,unknown
test@gmail.com,2025-03-10 00:38:29,sad,0.5066410899162292,unknown
test@gmail.com,2025-03-10 00:38:29,sad,0.6521121263504028,unknown
test@gmail.com,2025-03-10 00:38:29,neutral,0.4618880748748779,unknown
test@gmail.com,2025-03-10 00:38:29,sad,0.5921465754508972,unknown
test@gmail.com,2025-03-10 00:38:29,neutral,0.4724200963973999,unknown
test@gmail.com,2025-03-10 00:38:29,neutral,0.7354846000671387,unknown
test@gmail.com,2025-03-10 00:38:29,sad,0.6373752355575562,unknown
test@gmail.com,2025-03-10 00:38:29,sad,0.4385494589805603,unknown
test@gmail.com,2025-03-10 00:38:30,sad,0.6249914169311523,unknown
test@gmail.com,2025-03-10 00:38:30,sad,0.6061057448387146,unknown
test@gmail.com,2025-03-10 00:38:30,anger,0.3675559759140014,unknown
test@gmail.com,2025-03-10 00:38:30,sad,0.5078974366188049,unknown
test@gmail.com,2025-03-10 00:38:30,neutral,0.4949682950973511,unknown
test@gmail.com,2025-03-10 00:38:30,sad,0.900350034236908,unknown
test@gmail.com,2025-03-10 00:38:30,neutral,0.7288950085639954,unknown
test@gmail.com,2025-03-10 00:38:30,sad,0.5259314775466919,unknown
test@gmail.com,2025-03-10 00:38:30,sad,0.5259314775466919,unknown
test@gmail.com,2025-03-10 00:38:30,neutral,0.6815804839134216,unknown
test@gmail.com,2025-03-10 00:38:31,neutral,0.3987070322036743,unknown
test@gmail.com,2025-03-10 00:38:31,neutral,0.5493219494819641,unknown
test@gmail.com,2025-03-10 00:38:31,sad,0.6406012773513794,unknown
test@gmail.com,2025-03-10 00:38:31,sad,0.440181702375412,unknown
test@gmail.com,2025-03-10 00:38:31,neutral,0.8047896027565002,unknown
test@gmail.com,2025-03-10 00:38:31,neutral,0.5693452954292297,unknown
test@gmail.com,2025-03-10 00:38:31,sad,0.3948174118995666,unknown
test@gmail.com,2025-03-10 00:38:32,sad,0.6612227559089661,unknown
test@gmail.com,2025-03-10 00:38:32,sad,0.7199141383171082,unknown
test@gmail.com,2025-03-10 00:38:32,sad,0.4151600301265716,unknown
test@gmail.com,2025-03-10 00:38:32,neutral,0.6682192087173462,unknown
test@gmail.com,2025-03-10 00:38:32,sad,0.6889432072639465,unknown
test@gmail.com,2025-03-10 00:38:32,neutral,0.432442158460617,unknown
test@gmail.com,2025-03-10 00:38:32,sad,0.4650866091251373,unknown
test@gmail.com,2025-03-10 00:38:32,sad,0.4342084228992462,unknown
test@gmail.com,2025-03-10 00:38:32,neutral,0.7053163647651672,unknown
test@gmail.com,2025-03-10 00:38:33,neutral,0.4472234547138214,unknown
test@gmail.com,2025-03-10 00:38:33,neutral,0.4596026241779327,unknown
test@gmail.com,2025-03-10 00:38:33,neutral,0.7543486952781677,unknown
test@gmail.com,2025-03-10 00:38:33,neutral,0.4533342719078064,unknown
test@gmail.com,2025-03-10 00:38:33,sad,0.4511259794235229,unknown
test@gmail.com,2025-03-10 00:38:33,neutral,0.4614950120449066,unknown
test@gmail.com,2025-03-10 00:38:33,fear,0.5414052605628967,unknown
test@gmail.com,2025-03-10 00:38:35,sad,0.9581185579299928,unknown
test@gmail.com,2025-03-10 00:38:35,neutral,0.6728594899177551,unknown
test@gmail.com,2025-03-10 00:38:36,neutral,0.6420023441314697,unknown
test@gmail.com,2025-03-10 00:38:36,fear,0.4350278079509735,unknown
test@gmail.com,2025-03-10 00:38:36,neutral,0.8292936682701111,unknown
test@gmail.com,2025-03-10 00:38:36,neutral,0.6041197776794434,unknown
test@gmail.com,2025-03-10 00:38:36,neutral,0.6053256392478943,unknown
test@gmail.com,2025-03-10 00:38:46,neutral,0.9525839686393738,unknown
test@gmail.com,2025-03-10 00:38:49,sad,0.8793317079544067,unknown
test@gmail.com,2025-03-10 00:38:49,sad,0.8793317079544067,unknown
test@gmail.com,2025-03-10 00:38:49,neutral,0.4826835691928863,unknown
test@gmail.com,2025-03-10 00:38:49,neutral,0.5491276979446411,unknown
test@gmail.com,2025-03-10 00:38:49,sad,0.4870036542415619,unknown
test@gmail.com,2025-03-10 00:38:49,sad,0.6259227395057678,unknown
test@gmail.com,2025-03-10 00:38:49,sad,0.6259227395057678,unknown
test@gmail.com,2025-03-10 00:38:49,sad,0.5871541500091553,unknown
test@gmail.com,2025-03-10 00:38:49,sad,0.6221276521682739,unknown
test@gmail.com,2025-03-10 00:38:49,sad,0.6221276521682739,unknown
test@gmail.com,2025-03-10 00:38:49,sad,0.6552256345748901,unknown
test@gmail.com,2025-03-10 00:38:50,neutral,0.3560608625411987,unknown
test@gmail.com,2025-03-10 00:38:50,sad,0.8015946745872498,unknown
test@gmail.com,2025-03-10 00:38:50,sad,0.620868444442749,unknown
test@gmail.com,2025-03-10 00:38:53,anger,0.8558303713798523,unknown
test@gmail.com,2025-03-10 00:38:53,anger,0.8558303713798523,unknown
test@gmail.com,2025-03-10 00:38:53,anger,0.9582269191741944,unknown
test@gmail.com,2025-03-10 00:38:53,anger,0.9232024550437928,unknown
test@gmail.com,2025-03-10 00:38:53,anger,0.9232024550437928,unknown
test@gmail.com,2025-03-10 00:38:54,sad,0.362698495388031,unknown
test@gmail.com,2025-03-10 00:38:54,sad,0.362698495388031,unknown
test@gmail.com,2025-03-10 00:38:57,anger,0.7759705781936646,unknown
test@gmail.com,2025-03-10 00:38:57,anger,0.7759705781936646,unknown
test@gmail.com,2025-03-10 00:39:02,sad,0.7589099407196045,unknown
test@gmail.com,2025-03-10 00:39:02,sad,0.7589099407196045,unknown
test@gmail.com,2025-03-10 00:39:02,neutral,0.6872815489768982,unknown
test@gmail.com,2025-03-10 00:39:02,neutral,0.8156893253326416,unknown
test@gmail.com,2025-03-10 00:39:02,neutral,0.7159066796302795,unknown
test@gmail.com,2025-03-10 00:39:02,neutral,0.5970436930656433,unknown
test@gmail.com,2025-03-10 00:39:02,neutral,0.7452139258384705,unknown
test@gmail.com,2025-03-10 00:39:03,sad,0.5321882963180542,unknown
test@gmail.com,2025-03-10 00:39:03,neutral,0.5125323534011841,unknown
test@gmail.com,2025-03-10 00:39:03,sad,0.8082908391952515,unknown
test@gmail.com,2025-03-10 00:39:03,anger,0.9658392071723938,unknown
test@gmail.com,2025-03-10 00:39:03,anger,0.9658392071723938,unknown
test@gmail.com,2025-03-10 00:39:09,anger,0.9521123766899108,unknown
test@gmail.com,2025-03-10 00:39:09,anger,0.9521123766899108,unknown
test@gmail.com,2025-03-10 00:39:14,surprise,0.7318093776702881,unknown
test@gmail.com,2025-03-10 00:39:14,surprise,0.7318093776702881,unknown
test@gmail.com,2025-03-10 00:39:14,surprise,0.6976863145828247,unknown
test@gmail.com,2025-03-10 00:39:14,anger,0.4719942212104797,unknown
test@gmail.com,2025-03-10 00:39:14,anger,0.5122023224830627,unknown
test@gmail.com,2025-03-10 00:39:14,neutral,0.657633900642395,unknown
test@gmail.com,2025-03-10 00:39:14,neutral,0.4684182405471802,unknown
test@gmail.com,2025-03-10 00:39:14,neutral,0.7817502617835999,unknown
test@gmail.com,2025-03-10 00:39:15,neutral,0.5806577205657959,unknown
test@gmail.com,2025-03-10 00:39:15,neutral,0.5928835272789001,unknown
test@gmail.com,2025-03-10 00:39:15,sad,0.3858190178871155,unknown
test@gmail.com,2025-03-10 00:39:15,neutral,0.2833180725574493,unknown
test@gmail.com,2025-03-10 00:39:15,neutral,0.4406073689460754,unknown
test@gmail.com,2025-03-10 00:39:15,neutral,0.4406073689460754,unknown
test@gmail.com,2025-03-10 00:39:15,neutral,0.3859325051307678,unknown
test@gmail.com,2025-03-10 00:39:15,anger,0.5080700516700745,unknown
test@gmail.com,2025-03-10 00:39:15,anger,0.4159875214099884,unknown
test@gmail.com,2025-03-10 00:39:15,sad,0.426241785287857,unknown
test@gmail.com,2025-03-10 00:39:15,sad,0.5596103668212891,unknown
test@gmail.com,2025-03-10 00:39:16,sad,0.8981821537017822,unknown
test@gmail.com,2025-03-10 00:39:16,sad,0.7620183229446411,unknown
test@gmail.com,2025-03-10 00:39:16,sad,0.8107289671897888,unknown
test@gmail.com,2025-03-10 00:39:16,sad,0.6432701945304871,unknown
test@gmail.com,2025-03-10 00:39:16,surprise,0.3495097160339355,unknown
test@gmail.com,2025-03-10 00:39:16,sad,0.4466337859630584,unknown
test@gmail.com,2025-03-10 00:39:16,contempt,0.4597249329090118,unknown
test@gmail.com,2025-03-10 00:39:16,sad,0.8663561940193176,unknown
test@gmail.com,2025-03-10 00:39:16,sad,0.3240495920181274,unknown
test@gmail.com,2025-03-10 00:39:17,sad,0.3240495920181274,unknown
test@gmail.com,2025-03-10 00:39:17,sad,0.8427659869194031,unknown
test@gmail.com,2025-03-10 00:39:17,sad,0.8865680694580078,unknown
test@gmail.com,2025-03-10 00:39:17,sad,0.8865680694580078,unknown
test@gmail.com,2025-03-10 00:39:17,contempt,0.6095165610313416,unknown
test@gmail.com,2025-03-10 00:39:17,contempt,0.6095165610313416,unknown
test@gmail.com,2025-03-10 00:39:17,sad,0.8915534615516663,unknown
test@gmail.com,2025-03-10 00:39:17,sad,0.7973994016647339,unknown
test@gmail.com,2025-03-10 00:39:17,contempt,0.5373467206954956,unknown
test@gmail.com,2025-03-10 00:39:17,contempt,0.2957522869110107,unknown
test@gmail.com,2025-03-10 00:39:17,sad,0.627484142780304,unknown
test@gmail.com,2025-03-10 00:39:18,sad,0.6741099953651428,unknown
test@gmail.com,2025-03-10 00:39:18,sad,0.7655442953109741,unknown
test@gmail.com,2025-03-10 00:39:18,sad,0.9166687726974488,unknown
test@gmail.com,2025-03-10 00:39:18,sad,0.8464694619178772,unknown
test@gmail.com,2025-03-10 00:39:18,sad,0.8629052042961121,unknown
test@gmail.com,2025-03-10 00:39:18,sad,0.8507112860679626,unknown
test@gmail.com,2025-03-10 00:39:18,sad,0.8533291816711426,unknown
test@gmail.com,2025-03-10 00:39:18,sad,0.7939631938934326,unknown
test@gmail.com,2025-03-10 00:39:18,sad,0.6886565089225769,unknown
test@gmail.com,2025-03-10 00:39:18,sad,0.6886565089225769,unknown
test@gmail.com,2025-03-10 00:39:19,sad,0.6868830323219299,unknown
test@gmail.com,2025-03-10 00:39:19,sad,0.8025832176208496,unknown
test@gmail.com,2025-03-10 00:39:19,sad,0.6057929992675781,unknown
test@gmail.com,2025-03-10 00:39:19,sad,0.7111837267875671,unknown
test@gmail.com,2025-03-10 00:39:19,neutral,0.4919258058071136,unknown
test@gmail.com,2025-03-10 00:39:19,neutral,0.7273290753364563,unknown
test@gmail.com,2025-03-10 00:39:19,sad,0.5768826603889465,unknown
test@gmail.com,2025-03-10 00:39:19,sad,0.5768826603889465,unknown
test@gmail.com,2025-03-10 00:39:21,sad,0.5241141319274902,unknown
test@gmail.com,2025-03-10 00:39:21,sad,0.5241141319274902,unknown
test@gmail.com,2025-03-10 00:39:35,surprise,0.9856088757514954,unknown
test@gmail.com,2025-03-10 00:39:35,surprise,0.9856088757514954,unknown
test@gmail.com,2025-03-10 00:39:36,contempt,0.3633214235305786,unknown
test@gmail.com,2025-03-10 00:39:36,surprise,0.8545159697532654,unknown
test@gmail.com,2025-03-10 00:39:36,surprise,0.896988034248352,unknown
test@gmail.com,2025-03-10 00:39:36,neutral,0.3387879431247711,unknown
test@gmail.com,2025-03-10 00:39:36,neutral,0.3387879431247711,unknown
test@gmail.com,2025-03-10 00:39:36,disgust,0.2604083120822906,unknown
test@gmail.com,2025-03-10 00:39:36,neutral,0.6660328507423401,unknown
test@gmail.com,2025-03-10 00:39:36,neutral,0.4654195308685303,unknown
test@gmail.com,2025-03-10 00:39:36,neutral,0.7536017894744873,unknown
test@gmail.com,2025-03-10 00:39:37,sad,0.4805440604686737,unknown
test@gmail.com,2025-03-10 00:39:37,neutral,0.8685089349746704,unknown
test@gmail.com,2025-03-10 00:39:38,surprise,0.5136194229125977,unknown
test@gmail.com,2025-03-10 00:39:38,surprise,0.5136194229125977,unknown
test@gmail.com,2025-03-10 00:39:38,disgust,0.8039183020591736,unknown
test@gmail.com,2025-03-10 00:39:38,disgust,0.3163869976997375,unknown
test@gmail.com,2025-03-10 00:39:38,disgust,0.7692194581031799,unknown
test@gmail.com,2025-03-10 00:39:38,contempt,0.5465793013572693,unknown
test@gmail.com,2025-03-10 00:39:38,contempt,0.5101402997970581,unknown
test@gmail.com,2025-03-10 00:39:38,contempt,0.3680954277515411,unknown
test@gmail.com,2025-03-10 00:39:38,disgust,0.2725495994091034,unknown
test@gmail.com,2025-03-10 00:39:38,contempt,0.7771635055541992,unknown
test@gmail.com,2025-03-10 00:39:39,contempt,0.4000286757946014,unknown
test@gmail.com,2025-03-10 00:39:39,contempt,0.3472199738025665,unknown
test@gmail.com,2025-03-10 00:39:39,sad,0.6075981259346008,unknown
test@gmail.com,2025-03-10 00:39:39,contempt,0.474971055984497,unknown
test@gmail.com,2025-03-10 00:39:39,disgust,0.259304940700531,unknown
test@gmail.com,2025-03-10 00:39:39,contempt,0.4650476574897766,unknown
test@gmail.com,2025-03-10 00:39:39,happy,0.2991212904453277,unknown
test@gmail.com,2025-03-10 00:39:39,contempt,0.7070555686950684,unknown
test@gmail.com,2025-03-10 00:39:39,contempt,0.7070555686950684,unknown
test@gmail.com,2025-03-10 00:39:40,disgust,0.4955414533615112,unknown
test@gmail.com,2025-03-10 00:39:40,disgust,0.6463966965675354,unknown
test@gmail.com,2025-03-10 00:39:40,disgust,0.6463966965675354,unknown
test@gmail.com,2025-03-10 00:39:40,sad,0.4684613943099975,unknown
test@gmail.com,2025-03-10 00:39:41,sad,0.4684613943099975,unknown
test@gmail.com,2025-03-10 00:39:41,disgust,0.8102937340736389,unknown
test@gmail.com,2025-03-10 00:39:41,disgust,0.5526491403579712,unknown
test@gmail.com,2025-03-10 00:39:41,disgust,0.5526491403579712,unknown
test@gmail.com,2025-03-10 00:39:48,neutral,0.3737308979034424,unknown
test@gmail.com,2025-03-10 00:39:48,sad,0.8275843262672424,unknown
test@gmail.com,2025-03-10 00:39:48,sad,0.6004670858383179,unknown
test@gmail.com,2025-03-10 00:39:48,sad,0.5717054605484009,unknown
test@gmail.com,2025-03-10 00:39:48,sad,0.5717054605484009,unknown
test@gmail.com,2025-03-10 00:39:49,disgust,0.3334497213363647,unknown
test@gmail.com,2025-03-10 00:39:49,disgust,0.3334497213363647,unknown
test@gmail.com,2025-03-10 00:39:51,sad,0.5266286134719849,unknown
test@gmail.com,2025-03-10 00:39:51,sad,0.4921859204769134,unknown
test@gmail.com,2025-03-10 00:39:51,sad,0.6173338890075684,unknown
test@gmail.com,2025-03-10 00:39:51,neutral,0.4199072420597076,unknown
test@gmail.com,2025-03-10 00:39:51,sad,0.5284302234649658,unknown
test@gmail.com,2025-03-10 00:39:51,neutral,0.5114861130714417,unknown
test@gmail.com,2025-03-10 00:39:51,neutral,0.4314795434474945,unknown
test@gmail.com,2025-03-10 00:39:52,neutral,0.5761218070983887,unknown
test@gmail.com,2025-03-10 00:39:52,sad,0.3950681686401367,unknown
test@gmail.com,2025-03-10 00:39:52,sad,0.8093419671058655,unknown
test@gmail.com,2025-03-10 00:39:52,anger,0.6630383133888245,unknown
test@gmail.com,2025-03-10 00:39:52,sad,0.6471978425979614,unknown
test@gmail.com,2025-03-10 00:39:52,sad,0.8106530904769897,unknown
test@gmail.com,2025-03-10 00:39:52,sad,0.7669614553451538,unknown
test@gmail.com,2025-03-10 00:39:52,sad,0.5556012988090515,unknown
test@gmail.com,2025-03-10 00:39:53,anger,0.4655144810676574,unknown
test@gmail.com,2025-03-10 00:39:53,neutral,0.4330052137374878,unknown
test@gmail.com,2025-03-10 00:39:53,sad,0.8545594811439514,unknown
test@gmail.com,2025-03-10 00:39:53,sad,0.8775684833526611,unknown
test@gmail.com,2025-03-10 00:39:53,sad,0.7324199676513672,unknown
test@gmail.com,2025-03-10 00:39:53,sad,0.8117750287055969,unknown
test@gmail.com,2025-03-10 00:39:53,sad,0.8878756165504456,unknown
test@gmail.com,2025-03-10 00:39:53,sad,0.8878756165504456,unknown
test@gmail.com,2025-03-10 00:39:54,neutral,0.4241231381893158,unknown
test@gmail.com,2025-03-10 00:39:54,neutral,0.6044601798057556,unknown
test@gmail.com,2025-03-10 00:39:54,neutral,0.4784466922283172,unknown
test@gmail.com,2025-03-10 00:39:54,sad,0.7392818927764893,unknown
test@gmail.com,2025-03-10 00:39:54,neutral,0.6072189211845398,unknown
test@gmail.com,2025-03-10 00:39:54,neutral,0.5921489596366882,unknown
test@gmail.com,2025-03-10 00:39:55,neutral,0.5333043336868286,unknown
test@gmail.com,2025-03-10 00:39:55,sad,0.5438647270202637,unknown
test@gmail.com,2025-03-10 00:39:55,neutral,0.7382326722145081,unknown
test@gmail.com,2025-03-10 00:39:55,neutral,0.498630940914154,unknown
test@gmail.com,2025-03-10 00:39:55,sad,0.5565917491912842,unknown
test@gmail.com,2025-03-10 00:39:55,neutral,0.5164506435394287,unknown
test@gmail.com,2025-03-10 00:39:55,neutral,0.7046834230422974,unknown
test@gmail.com,2025-03-10 00:39:56,neutral,0.6599298715591431,unknown
test@gmail.com,2025-03-10 00:39:56,sad,0.8021818399429321,unknown
test@gmail.com,2025-03-10 00:39:56,neutral,0.5499737858772278,unknown
test@gmail.com,2025-03-10 00:39:56,sad,0.6528799533843994,unknown
test@gmail.com,2025-03-10 00:39:56,sad,0.5598522424697876,unknown
test@gmail.com,2025-03-10 00:39:56,sad,0.6301742792129517,unknown
test@gmail.com,2025-03-10 00:39:56,sad,0.7278195023536682,unknown
test@gmail.com,2025-03-10 00:39:56,sad,0.7561085224151611,unknown
test@gmail.com,2025-03-10 00:39:56,sad,0.5122949481010437,unknown
test@gmail.com,2025-03-10 00:39:57,sad,0.7047929167747498,unknown
test@gmail.com,2025-03-10 00:39:57,sad,0.6115938425064087,unknown
test@gmail.com,2025-03-10 00:39:58,neutral,0.5523334741592407,unknown
test@gmail.com,2025-03-10 00:39:58,neutral,0.5523334741592407,unknown
test@gmail.com,2025-03-10 00:39:58,neutral,0.5384262204170227,unknown
test@gmail.com,2025-03-10 00:39:58,neutral,0.6707406044006348,unknown
test@gmail.com,2025-03-10 00:39:58,neutral,0.5887508988380432,unknown
test@gmail.com,2025-03-10 00:39:58,sad,0.504172146320343,unknown
test@gmail.com,2025-03-10 00:39:58,neutral,0.4476687014102936,unknown
test@gmail.com,2025-03-10 00:39:58,neutral,0.5212275981903076,unknown
test@gmail.com,2025-03-10 00:39:59,neutral,0.768572986125946,unknown
test@gmail.com,2025-03-10 00:39:59,surprise,0.4958107471466064,unknown
test@gmail.com,2025-03-10 00:39:59,neutral,0.7797256112098694,unknown
test@gmail.com,2025-03-10 00:39:59,neutral,0.7797256112098694,unknown
test@gmail.com,2025-03-10 00:39:59,neutral,0.4480976164340973,unknown
test@gmail.com,2025-03-10 00:40:01,sad,0.9009612798690796,unknown
test@gmail.com,2025-03-10 00:40:01,sad,0.9009612798690796,unknown
test@gmail.com,2025-03-10 00:40:02,sad,0.7613972425460815,unknown
test@gmail.com,2025-03-10 00:40:02,neutral,0.3396027684211731,unknown
test@gmail.com,2025-03-10 00:40:02,sad,0.9337599277496338,unknown
test@gmail.com,2025-03-10 00:40:02,sad,0.8519966006278992,unknown
test@gmail.com,2025-03-10 00:40:02,sad,0.962796688079834,unknown
test@gmail.com,2025-03-10 00:40:02,sad,0.8416662216186523,unknown
test@gmail.com,2025-03-10 00:40:02,sad,0.6829967498779297,unknown
test@gmail.com,2025-03-10 00:40:02,sad,0.820968747138977,unknown
test@gmail.com,2025-03-10 00:40:03,sad,0.8078158497810364,unknown
test@gmail.com,2025-03-10 00:40:03,sad,0.5099083185195923,unknown
test@gmail.com,2025-03-10 00:40:03,neutral,0.5780962705612183,unknown
test@gmail.com,2025-03-10 00:40:03,sad,0.6426942348480225,unknown
test@gmail.com,2025-03-10 00:40:03,neutral,0.6006700396537781,unknown
test@gmail.com,2025-03-10 00:40:03,neutral,0.478262186050415,unknown
test@gmail.com,2025-03-10 00:40:03,neutral,0.6633476614952087,unknown
test@gmail.com,2025-03-10 00:40:03,sad,0.7557489275932312,unknown
test@gmail.com,2025-03-10 00:40:03,sad,0.6537177562713623,unknown
test@gmail.com,2025-03-10 00:40:04,sad,0.4751744568347931,unknown
test@gmail.com,2025-03-10 00:40:04,neutral,0.5222263336181641,unknown
test@gmail.com,2025-03-10 00:40:04,neutral,0.4263596534729004,unknown
test@gmail.com,2025-03-10 00:40:04,neutral,0.6711137294769287,unknown
test@gmail.com,2025-03-10 00:40:04,sad,0.3965192437171936,unknown
test@gmail.com,2025-03-10 00:40:19,sad,0.5577645897865295,unknown
test@gmail.com,2025-03-10 00:40:19,sad,0.7889195680618286,unknown
test@gmail.com,2025-03-10 00:40:19,sad,0.9265409708023072,unknown
test@gmail.com,2025-03-10 00:40:19,sad,0.8476637601852417,unknown
test@gmail.com,2025-03-10 00:40:19,sad,0.851478099822998,unknown
test@gmail.com,2025-03-10 00:40:19,sad,0.7475923299789429,unknown
test@gmail.com,2025-03-10 00:40:19,sad,0.721621572971344,unknown
test@gmail.com,2025-03-10 00:40:20,neutral,0.4686532318592071,unknown
test@gmail.com,2025-03-10 00:40:20,sad,0.6986168026924133,unknown
test@gmail.com,2025-03-10 00:40:20,sad,0.4999955296516418,unknown
test@gmail.com,2025-03-10 00:40:20,sad,0.9033015370368958,unknown
test@gmail.com,2025-03-10 00:40:20,sad,0.7288771271705627,unknown
test@gmail.com,2025-03-10 00:40:20,sad,0.7288771271705627,unknown
test@gmail.com,2025-03-10 00:40:20,fear,0.8089761137962341,unknown
test@gmail.com,2025-03-10 00:40:20,fear,0.9284123182296752,unknown
test@gmail.com,2025-03-10 00:40:20,sad,0.7145993113517761,unknown
test@gmail.com,2025-03-10 00:40:20,sad,0.8306840658187866,unknown
test@gmail.com,2025-03-10 00:40:21,sad,0.8607685565948486,unknown
test@gmail.com,2025-03-10 00:40:21,sad,0.6753292083740234,unknown
test@gmail.com,2025-03-10 00:40:21,sad,0.8821487426757812,unknown
test@gmail.com,2025-03-10 00:40:21,sad,0.7618892192840576,unknown
test@gmail.com,2025-03-10 00:40:21,sad,0.5179864168167114,unknown
test@gmail.com,2025-03-10 00:40:21,sad,0.8796676397323608,unknown
test@gmail.com,2025-03-10 00:40:21,sad,0.9383053183555604,unknown
test@gmail.com,2025-03-10 00:40:21,sad,0.7666571736335754,unknown
test@gmail.com,2025-03-10 00:40:21,sad,0.7500780820846558,unknown
test@gmail.com,2025-03-10 00:40:22,sad,0.8594814538955688,unknown
test@gmail.com,2025-03-10 00:40:22,sad,0.7808924913406372,unknown
test@gmail.com,2025-03-10 00:40:22,sad,0.7808924913406372,unknown
test@gmail.com,2025-03-10 00:40:22,sad,0.6194023489952087,unknown
test@gmail.com,2025-03-10 00:40:22,sad,0.6913647651672363,unknown
test@gmail.com,2025-03-10 00:40:22,sad,0.6041901111602783,unknown
test@gmail.com,2025-03-10 00:40:22,sad,0.6376116871833801,unknown
test@gmail.com,2025-03-10 00:40:22,sad,0.4288993775844574,unknown
test@gmail.com,2025-03-10 00:40:22,sad,0.6374181509017944,unknown
test@gmail.com,2025-03-10 00:40:23,sad,0.7756286263465881,unknown
test@gmail.com,2025-03-10 00:40:23,sad,0.7043044567108154,unknown
test@gmail.com,2025-03-10 00:40:23,sad,0.5157721638679504,unknown
test@gmail.com,2025-03-10 00:40:23,fear,0.7654373049736023,unknown
test@gmail.com,2025-03-10 00:40:23,sad,0.7955047488212585,unknown
test@gmail.com,2025-03-10 00:40:23,fear,0.9386404156684875,unknown
test@gmail.com,2025-03-10 00:40:23,fear,0.7542480230331421,unknown
test@gmail.com,2025-03-10 00:40:24,neutral,0.7557715773582458,unknown
test@gmail.com,2025-03-10 00:40:24,sad,0.472219705581665,unknown
test@gmail.com,2025-03-10 00:40:24,sad,0.7582001090049744,unknown
test@gmail.com,2025-03-10 00:40:24,sad,0.5601389408111572,unknown
test@gmail.com,2025-03-10 00:40:24,sad,0.444666177034378,unknown
test@gmail.com,2025-03-10 00:40:24,fear,0.849190354347229,unknown
test@gmail.com,2025-03-10 00:40:24,sad,0.5726780891418457,unknown
test@gmail.com,2025-03-10 00:40:24,neutral,0.6426962614059448,unknown
test@gmail.com,2025-03-10 00:40:24,neutral,0.6426962614059448,unknown
test@gmail.com,2025-03-10 00:40:24,sad,0.711646318435669,unknown
test@gmail.com,2025-03-10 00:40:25,sad,0.5825225114822388,unknown
test@gmail.com,2025-03-10 00:40:25,sad,0.8362729549407959,unknown
test@gmail.com,2025-03-10 00:40:25,sad,0.5909945368766785,unknown
test@gmail.com,2025-03-10 00:40:25,sad,0.6792867183685303,unknown
test@gmail.com,2025-03-10 00:40:25,sad,0.816670298576355,unknown
test@gmail.com,2025-03-10 00:40:25,sad,0.7174605131149292,unknown
test@gmail.com,2025-03-10 00:40:25,sad,0.3540172278881073,unknown
test@gmail.com,2025-03-10 00:40:25,sad,0.5334683060646057,unknown
test@gmail.com,2025-03-10 00:40:25,neutral,0.538471519947052,unknown
test@gmail.com,2025-03-10 00:40:26,fear,0.7444736361503601,unknown
test@gmail.com,2025-03-10 00:40:26,sad,0.4292217493057251,unknown
test@gmail.com,2025-03-10 00:40:26,sad,0.4292217493057251,unknown
test@gmail.com,2025-03-10 00:40:26,sad,0.8787879943847656,unknown
test@gmail.com,2025-03-10 00:40:26,sad,0.8787879943847656,unknown
test@gmail.com,2025-03-10 00:40:26,neutral,0.4473010003566742,unknown
test@gmail.com,2025-03-10 00:40:26,neutral,0.6773717403411865,unknown
test@gmail.com,2025-03-10 00:40:26,sad,0.4570793807506561,unknown
test@gmail.com,2025-03-10 00:40:26,sad,0.637355387210846,unknown
test@gmail.com,2025-03-10 00:40:26,neutral,0.431738942861557,unknown
test@gmail.com,2025-03-10 00:40:27,fear,0.8519836664199829,unknown
test@gmail.com,2025-03-10 00:40:27,fear,0.604250967502594,unknown
test@gmail.com,2025-03-10 00:40:27,sad,0.4956349730491638,unknown
test@gmail.com,2025-03-10 00:40:27,sad,0.5302330851554871,unknown
test@gmail.com,2025-03-10 00:40:27,sad,0.6115207672119141,unknown
test@gmail.com,2025-03-10 00:40:27,sad,0.5347404479980469,unknown
test@gmail.com,2025-03-10 00:40:27,sad,0.3643335103988647,unknown
test@gmail.com,2025-03-10 00:40:27,sad,0.5993636846542358,unknown
test@gmail.com,2025-03-10 00:40:27,sad,0.5249307155609131,unknown
test@gmail.com,2025-03-10 00:40:28,sad,0.8075976371765137,unknown
test@gmail.com,2025-03-10 00:40:28,neutral,0.3891016244888305,unknown
test@gmail.com,2025-03-10 00:40:28,neutral,0.4749286770820617,unknown
test@gmail.com,2025-03-10 00:40:28,sad,0.8045886754989624,unknown
test@gmail.com,2025-03-10 00:40:28,neutral,0.5596874356269836,unknown
test@gmail.com,2025-03-10 00:40:28,sad,0.7979799509048462,unknown
test@gmail.com,2025-03-10 00:40:28,sad,0.7437659502029419,unknown
test@gmail.com,2025-03-10 00:40:28,sad,0.8078335523605347,unknown
test@gmail.com,2025-03-10 00:40:28,sad,0.6083188056945801,unknown
test@gmail.com,2025-03-10 00:40:29,sad,0.5730493664741516,unknown
test@gmail.com,2025-03-10 00:40:29,sad,0.7435292601585388,unknown
test@gmail.com,2025-03-10 00:40:29,sad,0.6787421703338623,unknown
test@gmail.com,2025-03-10 00:40:29,neutral,0.5301803350448608,unknown
test@gmail.com,2025-03-10 00:40:29,neutral,0.5384165048599243,unknown
test@gmail.com,2025-03-10 00:40:29,neutral,0.5001385807991028,unknown
test@gmail.com,2025-03-10 00:40:29,neutral,0.4629634022712707,unknown
test@gmail.com,2025-03-10 00:40:30,neutral,0.4629634022712707,unknown
test@gmail.com,2025-03-10 00:40:30,neutral,0.5248671770095825,unknown
test@gmail.com,2025-03-10 00:40:30,sad,0.3842465877532959,unknown
test@gmail.com,2025-03-10 00:40:30,sad,0.4097078144550323,unknown
test@gmail.com,2025-03-10 00:40:30,neutral,0.4654930830001831,unknown
test@gmail.com,2025-03-10 00:40:30,sad,0.5281447768211365,unknown
test@gmail.com,2025-03-10 00:40:30,sad,0.4771471619606018,unknown
test@gmail.com,2025-03-10 00:40:31,sad,0.8303278684616089,unknown
test@gmail.com,2025-03-10 00:40:31,sad,0.4581970870494842,unknown
test@gmail.com,2025-03-10 00:40:31,sad,0.5949995517730713,unknown
test@gmail.com,2025-03-10 00:40:31,sad,0.6230804324150085,unknown
test@gmail.com,2025-03-10 00:40:31,neutral,0.4917203187942505,unknown
test@gmail.com,2025-03-10 00:40:31,sad,0.5531964302062988,unknown
test@gmail.com,2025-03-10 00:40:31,sad,0.6436603665351868,unknown
test@gmail.com,2025-03-10 00:40:31,sad,0.4500776827335357,unknown
test@gmail.com,2025-03-10 00:40:31,neutral,0.4266176223754883,unknown
test@gmail.com,2025-03-10 00:40:31,neutral,0.463877260684967,unknown
test@gmail.com,2025-03-10 00:40:31,sad,0.6169058084487915,unknown
test@gmail.com,2025-03-10 00:40:32,neutral,0.5116077661514282,unknown
test@gmail.com,2025-03-10 00:40:32,sad,0.5724248290061951,unknown
test@gmail.com,2025-03-10 00:40:32,sad,0.5122267603874207,unknown
test@gmail.com,2025-03-10 00:40:32,sad,0.5109613537788391,unknown
test@gmail.com,2025-03-10 00:40:32,sad,0.5571690797805786,unknown
test@gmail.com,2025-03-10 00:40:32,sad,0.5849743485450745,unknown
test@gmail.com,2025-03-10 00:40:32,sad,0.5534676909446716,unknown
test@gmail.com,2025-03-10 00:40:32,sad,0.5825610160827637,unknown
test@gmail.com,2025-03-10 00:40:33,neutral,0.4321292042732239,unknown
test@gmail.com,2025-03-10 00:40:33,sad,0.6762998104095459,unknown
test@gmail.com,2025-03-10 00:40:33,neutral,0.485257625579834,unknown
test@gmail.com,2025-03-10 00:40:33,sad,0.492876261472702,unknown
test@gmail.com,2025-03-10 00:40:33,sad,0.5846174359321594,unknown
test@gmail.com,2025-03-10 00:40:33,neutral,0.5244637131690979,unknown
test@gmail.com,2025-03-10 00:40:33,neutral,0.5231420993804932,unknown
test@gmail.com,2025-03-10 00:40:33,sad,0.8405539989471436,unknown
test@gmail.com,2025-03-10 00:40:33,neutral,0.6687807440757751,unknown
test@gmail.com,2025-03-10 00:40:34,neutral,0.4001240134239197,unknown
test@gmail.com,2025-03-10 00:40:34,sad,0.452963650226593,unknown
test@gmail.com,2025-03-10 00:40:34,neutral,0.5053484439849854,unknown
test@gmail.com,2025-03-10 00:40:34,neutral,0.5053484439849854,unknown
test@gmail.com,2025-03-10 00:40:34,sad,0.4977995753288269,unknown
test@gmail.com,2025-03-10 00:40:34,neutral,0.7380763292312622,unknown
test@gmail.com,2025-03-10 00:40:34,neutral,0.6102671027183533,unknown
test@gmail.com,2025-03-10 00:40:34,sad,0.530536949634552,unknown
test@gmail.com,2025-03-10 00:40:34,sad,0.5438593029975891,unknown
test@gmail.com,2025-03-10 00:40:34,sad,0.5865095257759094,unknown
test@gmail.com,2025-03-10 00:40:35,sad,0.7604352831840515,unknown
test@gmail.com,2025-03-10 00:40:35,sad,0.7174469828605652,unknown
test@gmail.com,2025-03-10 00:40:35,sad,0.7245360016822815,unknown
test@gmail.com,2025-03-10 00:40:35,sad,0.8062676787376404,unknown
test@gmail.com,2025-03-10 00:40:35,sad,0.8627352714538574,unknown
test@gmail.com,2025-03-10 00:40:35,sad,0.6074557304382324,unknown
test@gmail.com,2025-03-10 00:40:35,sad,0.6092570424079895,unknown
test@gmail.com,2025-03-10 00:40:35,sad,0.7681038975715637,unknown
test@gmail.com,2025-03-10 00:40:35,sad,0.5430968999862671,unknown
test@gmail.com,2025-03-10 00:40:36,sad,0.8026944398880005,unknown
test@gmail.com,2025-03-10 00:40:36,sad,0.5606077909469604,unknown
test@gmail.com,2025-03-10 00:40:36,sad,0.8381910920143127,unknown
test@gmail.com,2025-03-10 00:40:36,sad,0.71222323179245,unknown
test@gmail.com,2025-03-10 00:40:36,sad,0.609767735004425,unknown
test@gmail.com,2025-03-10 00:40:36,sad,0.4874475598335266,unknown
test@gmail.com,2025-03-10 00:40:36,neutral,0.4843439757823944,unknown
test@gmail.com,2025-03-10 00:40:36,sad,0.6197447180747986,unknown
test@gmail.com,2025-03-10 00:40:36,sad,0.5133877396583557,unknown
test@gmail.com,2025-03-10 00:40:37,sad,0.8225697875022888,unknown
test@gmail.com,2025-03-10 00:40:37,sad,0.7171893119812012,unknown
test@gmail.com,2025-03-10 00:40:37,sad,0.6837277412414551,unknown
test@gmail.com,2025-03-10 00:40:37,sad,0.752595841884613,unknown
test@gmail.com,2025-03-10 00:40:37,sad,0.5603764653205872,unknown
test@gmail.com,2025-03-10 00:40:37,sad,0.8345388770103455,unknown
test@gmail.com,2025-03-10 00:40:37,sad,0.581701397895813,unknown
test@gmail.com,2025-03-10 00:40:37,sad,0.4768476188182831,unknown
test@gmail.com,2025-03-10 00:40:38,sad,0.6094287037849426,unknown
test@gmail.com,2025-03-10 00:40:38,sad,0.6094287037849426,unknown
test@gmail.com,2025-03-10 00:40:38,neutral,0.6790921688079834,unknown
test@gmail.com,2025-03-10 00:40:38,neutral,0.6380283832550049,unknown
test@gmail.com,2025-03-10 00:40:38,sad,0.4557746350765228,unknown
test@gmail.com,2025-03-10 00:40:38,neutral,0.4909219443798065,unknown
test@gmail.com,2025-03-10 00:40:38,sad,0.4120471477508545,unknown
test@gmail.com,2025-03-10 00:40:38,neutral,0.5615517497062683,unknown
test@gmail.com,2025-03-10 00:40:38,sad,0.6220738887786865,unknown
test@gmail.com,2025-03-10 00:40:38,anger,0.3682980835437774,unknown
test@gmail.com,2025-03-10 00:40:39,neutral,0.7236104607582092,unknown
test@gmail.com,2025-03-10 00:40:39,neutral,0.8406261205673218,unknown
test@gmail.com,2025-03-10 00:40:39,neutral,0.7722359895706177,unknown
test@gmail.com,2025-03-10 00:40:39,neutral,0.663536012172699,unknown
test@gmail.com,2025-03-10 00:40:39,neutral,0.7878793478012085,unknown
test@gmail.com,2025-03-10 00:40:39,neutral,0.6004526019096375,unknown
test@gmail.com,2025-03-10 00:40:39,neutral,0.7721274495124817,unknown
test@gmail.com,2025-03-10 00:40:40,neutral,0.7308881282806396,unknown
test@gmail.com,2025-03-10 00:40:40,neutral,0.7726548910140991,unknown
test@gmail.com,2025-03-10 00:40:40,neutral,0.8370820879936218,unknown
test@gmail.com,2025-03-10 00:40:40,neutral,0.7919057011604309,unknown
test@gmail.com,2025-03-10 00:40:40,neutral,0.7210650444030762,unknown
test@gmail.com,2025-03-10 00:40:40,neutral,0.8343430161476135,unknown
test@gmail.com,2025-03-10 00:40:40,neutral,0.7651122212409973,unknown
test@gmail.com,2025-03-10 00:40:40,neutral,0.7569596171379089,unknown
test@gmail.com,2025-03-10 00:40:40,neutral,0.7590981721878052,unknown
test@gmail.com,2025-03-10 00:40:40,neutral,0.5725258588790894,unknown
test@gmail.com,2025-03-10 00:40:41,neutral,0.7009406685829163,unknown
test@gmail.com,2025-03-10 00:40:41,neutral,0.6153334975242615,unknown
test@gmail.com,2025-03-10 00:40:41,neutral,0.7772296071052551,unknown
test@gmail.com,2025-03-10 00:40:41,neutral,0.6965923309326172,unknown
test@gmail.com,2025-03-10 00:40:41,neutral,0.5902429819107056,unknown
test@gmail.com,2025-03-10 00:40:41,neutral,0.498498797416687,unknown
test@gmail.com,2025-03-10 00:40:41,neutral,0.7225419878959656,unknown
test@gmail.com,2025-03-10 00:40:41,neutral,0.5008492469787598,unknown
test@gmail.com,2025-03-10 00:40:41,neutral,0.7091694474220276,unknown
test@gmail.com,2025-03-10 00:40:42,neutral,0.6528699994087219,unknown
test@gmail.com,2025-03-10 00:40:42,neutral,0.7803022861480713,unknown
test@gmail.com,2025-03-10 00:40:42,neutral,0.8108131289482117,unknown
test@gmail.com,2025-03-10 00:40:42,neutral,0.8108131289482117,unknown
test@gmail.com,2025-03-10 00:40:42,neutral,0.7604493498802185,unknown
test@gmail.com,2025-03-10 00:40:42,neutral,0.7604493498802185,unknown
test@gmail.com,2025-03-10 00:40:42,neutral,0.6611357927322388,unknown
test@gmail.com,2025-03-10 00:40:42,neutral,0.6508554220199585,unknown
test@gmail.com,2025-03-10 00:40:42,neutral,0.7681928873062134,unknown
test@gmail.com,2025-03-10 00:40:42,neutral,0.6809661388397217,unknown
test@gmail.com,2025-03-10 00:40:43,neutral,0.7688543796539307,unknown
test@gmail.com,2025-03-10 00:40:43,sad,0.5162649154663086,unknown
test@gmail.com,2025-03-10 00:40:43,sad,0.4947443902492523,unknown
test@gmail.com,2025-03-10 00:40:43,sad,0.4757457077503204,unknown
test@gmail.com,2025-03-10 00:40:43,neutral,0.7942503094673157,unknown
test@gmail.com,2025-03-10 00:40:43,neutral,0.7536710500717163,unknown
test@gmail.com,2025-03-10 00:40:43,neutral,0.6942281126976013,unknown
test@gmail.com,2025-03-10 00:40:43,neutral,0.7539904117584229,unknown
test@gmail.com,2025-03-10 00:40:43,neutral,0.6222912073135376,unknown
test@gmail.com,2025-03-10 00:40:43,neutral,0.8074376583099365,unknown
test@gmail.com,2025-03-10 00:40:44,neutral,0.6288521885871887,unknown
test@gmail.com,2025-03-10 00:40:44,neutral,0.7902398705482483,unknown
test@gmail.com,2025-03-10 00:40:44,neutral,0.7557319402694702,unknown
test@gmail.com,2025-03-10 00:40:44,neutral,0.6483221650123596,unknown
test@gmail.com,2025-03-10 00:40:44,neutral,0.7485655546188354,unknown
test@gmail.com,2025-03-10 00:40:44,neutral,0.6273359060287476,unknown
test@gmail.com,2025-03-10 00:40:44,neutral,0.6273359060287476,unknown
test@gmail.com,2025-03-10 00:40:44,neutral,0.7902796268463135,unknown
test@gmail.com,2025-03-10 00:40:45,neutral,0.5653471350669861,unknown
test@gmail.com,2025-03-10 00:40:45,neutral,0.6355195641517639,unknown
test@gmail.com,2025-03-10 00:40:45,neutral,0.5323129892349243,unknown
test@gmail.com,2025-03-10 00:40:45,neutral,0.5598118901252747,unknown
test@gmail.com,2025-03-10 00:40:45,neutral,0.7221940755844116,unknown
test@gmail.com,2025-03-10 00:40:45,neutral,0.535212516784668,unknown
test@gmail.com,2025-03-10 00:40:45,neutral,0.6670126914978027,unknown
test@gmail.com,2025-03-10 00:40:45,neutral,0.7835497260093689,unknown
test@gmail.com,2025-03-10 00:40:46,neutral,0.5959875583648682,unknown
test@gmail.com,2025-03-10 00:40:46,neutral,0.5883870124816895,unknown
test@gmail.com,2025-03-10 00:40:46,neutral,0.5765177607536316,unknown
test@gmail.com,2025-03-10 00:40:46,neutral,0.7396988272666931,unknown
test@gmail.com,2025-03-10 00:40:46,neutral,0.7436237335205078,unknown
test@gmail.com,2025-03-10 00:40:46,neutral,0.7926821708679199,unknown
test@gmail.com,2025-03-10 00:40:46,neutral,0.652235746383667,unknown
test@gmail.com,2025-03-10 00:40:46,neutral,0.5525045394897461,unknown
test@gmail.com,2025-03-10 00:40:46,neutral,0.8474164009094238,unknown
test@gmail.com,2025-03-10 00:40:47,neutral,0.6865183115005493,unknown
test@gmail.com,2025-03-10 00:40:47,neutral,0.578508198261261,unknown
test@gmail.com,2025-03-10 00:40:47,sad,0.7243116497993469,unknown
test@gmail.com,2025-03-10 00:40:47,neutral,0.7243338823318481,unknown
test@gmail.com,2025-03-10 00:40:47,neutral,0.8259946703910828,unknown
test@gmail.com,2025-03-10 00:40:47,neutral,0.7688826322555542,unknown
test@gmail.com,2025-03-10 00:40:47,neutral,0.6992583274841309,unknown
test@gmail.com,2025-03-10 00:40:47,neutral,0.7394667863845825,unknown
test@gmail.com,2025-03-10 00:40:47,neutral,0.7277345657348633,unknown
test@gmail.com,2025-03-10 00:40:48,neutral,0.7583358287811279,unknown
test@gmail.com,2025-03-10 00:40:48,neutral,0.5252586007118225,unknown
test@gmail.com,2025-03-10 00:40:48,neutral,0.803485095500946,unknown
test@gmail.com,2025-03-10 00:40:48,sad,0.7157080173492432,unknown
test@gmail.com,2025-03-10 00:40:48,neutral,0.7969280481338501,unknown
test@gmail.com,2025-03-10 00:40:48,neutral,0.8376484513282776,unknown
test@gmail.com,2025-03-10 00:40:48,neutral,0.7042931318283081,unknown
test@gmail.com,2025-03-10 00:40:49,neutral,0.8994007110595703,unknown
test@gmail.com,2025-03-10 00:40:49,neutral,0.7684280872344971,unknown
test@gmail.com,2025-03-10 00:40:49,neutral,0.5955262780189514,unknown
test@gmail.com,2025-03-10 00:40:49,sad,0.5154075622558594,unknown
test@gmail.com,2025-03-10 00:40:49,sad,0.5072707533836365,unknown
test@gmail.com,2025-03-10 00:40:49,neutral,0.4829870462417602,unknown
test@gmail.com,2025-03-10 00:40:49,neutral,0.7698819637298584,unknown
test@gmail.com,2025-03-10 00:40:50,sad,0.7197861671447754,unknown
test@gmail.com,2025-03-10 00:40:51,contempt,0.4313245713710785,unknown
test@gmail.com,2025-03-10 00:40:51,surprise,0.7986198663711548,unknown
test@gmail.com,2025-03-10 00:40:51,neutral,0.6549742221832275,unknown
test@gmail.com,2025-03-10 00:40:51,surprise,0.6021537184715271,unknown
test@gmail.com,2025-03-10 00:40:51,surprise,0.6021537184715271,unknown
test@gmail.com,2025-03-10 00:40:51,surprise,0.5190463662147522,unknown
test@gmail.com,2025-03-10 00:40:52,surprise,0.5190463662147522,unknown
test@gmail.com,2025-03-10 00:40:52,neutral,0.6204532980918884,unknown
test@gmail.com,2025-03-10 00:40:52,neutral,0.6204532980918884,unknown
test@gmail.com,2025-03-10 00:40:54,surprise,0.3973848521709442,unknown
test@gmail.com,2025-03-10 00:41:10,neutral,0.4665756225585937,unknown
test@gmail.com,2025-03-10 00:41:10,neutral,0.4665756225585937,unknown
test@gmail.com,2025-03-10 00:41:10,neutral,0.4479881227016449,unknown
test@gmail.com,2025-03-10 00:41:10,neutral,0.4479881227016449,unknown
test@gmail.com,2025-03-10 00:41:11,sad,0.7262762188911438,unknown
test@gmail.com,2025-03-10 00:41:11,sad,0.7262762188911438,unknown
test@gmail.com,2025-03-10 00:41:11,sad,0.8451293706893921,unknown
test@gmail.com,2025-03-10 00:41:11,sad,0.7322593331336975,unknown
test@gmail.com,2025-03-10 00:41:11,neutral,0.6820942759513855,unknown
test@gmail.com,2025-03-10 00:41:11,neutral,0.7897974252700806,unknown
test@gmail.com,2025-03-10 00:41:11,neutral,0.7897974252700806,unknown
test@gmail.com,2025-03-10 00:41:11,neutral,0.6315048336982727,unknown
test@gmail.com,2025-03-10 00:41:11,neutral,0.6315048336982727,unknown
test@gmail.com,2025-03-10 00:41:11,neutral,0.5877295136451721,unknown
test@gmail.com,2025-03-10 00:41:11,neutral,0.6472703218460083,unknown
test@gmail.com,2025-03-10 00:41:11,neutral,0.8861908316612244,unknown
test@gmail.com,2025-03-10 00:41:12,neutral,0.8034839034080505,unknown
test@gmail.com,2025-03-10 00:41:12,neutral,0.5026994943618774,unknown
test@gmail.com,2025-03-10 00:41:12,neutral,0.5026994943618774,unknown
test@gmail.com,2025-03-10 00:41:12,neutral,0.4881529211997986,unknown
test@gmail.com,2025-03-10 00:41:12,neutral,0.4881529211997986,unknown
test@gmail.com,2025-03-10 00:41:12,sad,0.7483298778533936,unknown
test@gmail.com,2025-03-10 00:41:12,sad,0.5931314826011658,unknown
test@gmail.com,2025-03-10 00:41:12,neutral,0.7254871726036072,unknown
test@gmail.com,2025-03-10 00:41:12,neutral,0.6254076361656189,unknown
test@gmail.com,2025-03-10 00:41:12,neutral,0.5876001715660095,unknown
test@gmail.com,2025-03-10 00:41:12,contempt,0.7121022939682007,unknown
test@gmail.com,2025-03-10 00:41:12,neutral,0.6693806052207947,unknown
test@gmail.com,2025-03-10 00:41:13,neutral,0.6693806052207947,unknown
test@gmail.com,2025-03-10 00:41:13,contempt,0.948576807975769,unknown
test@gmail.com,2025-03-10 00:41:13,contempt,0.948576807975769,unknown
test@gmail.com,2025-03-10 00:41:13,contempt,0.4930201172828674,unknown
test@gmail.com,2025-03-10 00:41:13,fear,0.4827607274055481,unknown
test@gmail.com,2025-03-10 00:41:13,contempt,0.5233091115951538,unknown
test@gmail.com,2025-03-10 00:41:13,contempt,0.7225151062011719,unknown
test@gmail.com,2025-03-10 00:41:13,contempt,0.2409952282905578,unknown
test@gmail.com,2025-03-10 00:41:13,surprise,0.4917858839035034,unknown
test@gmail.com,2025-03-10 00:41:13,surprise,0.4677248001098633,unknown
test@gmail.com,2025-03-10 00:41:13,contempt,0.9224368929862976,unknown
test@gmail.com,2025-03-10 00:41:14,contempt,0.7723297476768494,unknown
test@gmail.com,2025-03-10 00:41:14,contempt,0.8752955794334412,unknown
test@gmail.com,2025-03-10 00:41:14,contempt,0.8752955794334412,unknown
test@gmail.com,2025-03-10 00:41:14,contempt,0.9171602129936218,unknown
test@gmail.com,2025-03-10 00:41:14,contempt,0.9164053797721864,unknown
test@gmail.com,2025-03-10 00:41:14,contempt,0.9164053797721864,unknown
test@gmail.com,2025-03-10 00:41:14,contempt,0.9740824103355408,unknown
test@gmail.com,2025-03-10 00:41:14,contempt,0.9592598080635072,unknown
test@gmail.com,2025-03-10 00:41:14,sad,0.4618343114852905,unknown
test@gmail.com,2025-03-10 00:41:14,contempt,0.5915796160697937,unknown
test@gmail.com,2025-03-10 00:41:14,contempt,0.9105787873268129,unknown
test@gmail.com,2025-03-10 00:41:14,contempt,0.9330385327339172,unknown
test@gmail.com,2025-03-10 00:41:15,sad,0.4277368783950805,unknown
test@gmail.com,2025-03-10 00:41:15,sad,0.7412925362586975,unknown
test@gmail.com,2025-03-10 00:41:15,contempt,0.4591170847415924,unknown
test@gmail.com,2025-03-10 00:41:15,contempt,0.8320879936218262,unknown
test@gmail.com,2025-03-10 00:41:15,contempt,0.8998507857322693,unknown
test@gmail.com,2025-03-10 00:41:15,contempt,0.4445381462574005,unknown
test@gmail.com,2025-03-10 00:41:15,contempt,0.9355120062828064,unknown
test@gmail.com,2025-03-10 00:41:15,contempt,0.9355120062828064,unknown
test@gmail.com,2025-03-10 00:41:15,contempt,0.9664582014083862,unknown
test@gmail.com,2025-03-10 00:41:15,contempt,0.5235407948493958,unknown
test@gmail.com,2025-03-10 00:41:15,contempt,0.9414873719215392,unknown
test@gmail.com,2025-03-10 00:41:16,neutral,0.4244997203350067,unknown
test@gmail.com,2025-03-10 00:41:16,contempt,0.8960220813751221,unknown
test@gmail.com,2025-03-10 00:41:16,contempt,0.8960220813751221,unknown
test@gmail.com,2025-03-10 00:41:16,neutral,0.5454640984535217,unknown
test@gmail.com,2025-03-10 00:41:16,neutral,0.5454640984535217,unknown
test@gmail.com,2025-03-10 00:41:17,sad,0.9286537170410156,unknown
test@gmail.com,2025-03-10 00:41:17,disgust,0.3653056919574737,unknown
test@gmail.com,2025-03-10 00:41:17,disgust,0.3653056919574737,unknown
test@gmail.com,2025-03-10 00:41:20,anger,0.949415385723114,unknown
test@gmail.com,2025-03-10 00:41:20,anger,0.949415385723114,unknown
test@gmail.com,2025-03-10 00:41:22,neutral,0.5448874831199646,unknown
test@gmail.com,2025-03-10 00:41:22,neutral,0.5448874831199646,unknown
test@gmail.com,2025-03-10 00:41:22,disgust,0.5627245306968689,unknown
test@gmail.com,2025-03-10 00:41:22,sad,0.6954443454742432,unknown
test@gmail.com,2025-03-10 00:41:22,neutral,0.4752388894557953,unknown
test@gmail.com,2025-03-10 00:41:22,neutral,0.4752388894557953,unknown
test@gmail.com,2025-03-10 00:41:22,sad,0.627038836479187,unknown
test@gmail.com,2025-03-10 00:41:23,sad,0.713752269744873,unknown
test@gmail.com,2025-03-10 00:41:23,sad,0.6751288771629333,unknown
test@gmail.com,2025-03-10 00:41:23,sad,0.7947127819061279,unknown
test@gmail.com,2025-03-10 00:41:23,sad,0.6435533165931702,unknown
test@gmail.com,2025-03-10 00:41:23,sad,0.6301276087760925,unknown
test@gmail.com,2025-03-10 00:41:23,sad,0.4753920137882232,unknown
test@gmail.com,2025-03-10 00:41:23,sad,0.4753920137882232,unknown
test@gmail.com,2025-03-10 00:41:23,sad,0.675628662109375,unknown
test@gmail.com,2025-03-10 00:41:23,sad,0.9057044386863708,unknown
test@gmail.com,2025-03-10 00:41:24,sad,0.7377020120620728,unknown
test@gmail.com,2025-03-10 00:41:24,sad,0.7377020120620728,unknown
test@gmail.com,2025-03-10 00:41:24,sad,0.5000237226486206,unknown
test@gmail.com,2025-03-10 00:41:24,sad,0.6317676901817322,unknown
test@gmail.com,2025-03-10 00:41:24,sad,0.5398188829421997,unknown
test@gmail.com,2025-03-10 00:41:24,fear,0.7840631604194641,unknown
test@gmail.com,2025-03-10 00:41:25,fear,0.7840631604194641,unknown
test@gmail.com,2025-03-10 00:41:25,sad,0.5811997056007385,unknown
test@gmail.com,2025-03-10 00:41:25,sad,0.6851354241371155,unknown
test@gmail.com,2025-03-10 00:41:25,sad,0.7329599857330322,unknown
test@gmail.com,2025-03-10 00:41:25,sad,0.749881386756897,unknown
test@gmail.com,2025-03-10 00:41:25,sad,0.7598534822463989,unknown
test@gmail.com,2025-03-10 00:41:29,anger,0.9562518000602722,unknown
test@gmail.com,2025-03-10 00:41:29,anger,0.9562518000602722,unknown
test@gmail.com,2025-03-10 00:41:31,neutral,0.379978597164154,unknown
test@gmail.com,2025-03-10 00:41:31,neutral,0.379978597164154,unknown
test@gmail.com,2025-03-10 00:41:34,anger,0.9309654235839844,unknown
test@gmail.com,2025-03-10 00:41:34,anger,0.9309654235839844,unknown
test@gmail.com,2025-03-10 00:41:34,neutral,0.5262593030929565,unknown
test@gmail.com,2025-03-10 00:41:35,neutral,0.5262593030929565,unknown
test@gmail.com,2025-03-10 00:41:35,neutral,0.7913424968719482,unknown
test@gmail.com,2025-03-10 00:41:35,sad,0.748664379119873,unknown
test@gmail.com,2025-03-10 00:41:35,sad,0.6673983931541443,unknown
test@gmail.com,2025-03-10 00:41:35,sad,0.6812054514884949,unknown
test@gmail.com,2025-03-10 00:41:35,sad,0.6812054514884949,unknown
test@gmail.com,2025-03-10 00:41:35,sad,0.8064892292022705,unknown
test@gmail.com,2025-03-10 00:41:35,sad,0.5408110022544861,unknown
test@gmail.com,2025-03-10 00:41:35,sad,0.851781964302063,unknown
test@gmail.com,2025-03-10 00:41:35,fear,0.5382677316665649,unknown
test@gmail.com,2025-03-10 00:41:37,neutral,0.7357814908027649,unknown
test@gmail.com,2025-03-10 00:41:37,neutral,0.7357814908027649,unknown
test@gmail.com,2025-03-10 00:41:37,sad,0.8385627865791321,unknown
test@gmail.com,2025-03-10 00:41:37,fear,0.6630229949951172,unknown
test@gmail.com,2025-03-10 00:41:37,sad,0.4757680892944336,unknown
test@gmail.com,2025-03-10 00:41:37,sad,0.8043951392173767,unknown
test@gmail.com,2025-03-10 00:41:37,sad,0.5042996406555176,unknown
test@gmail.com,2025-03-10 00:41:37,sad,0.4745737314224243,unknown
test@gmail.com,2025-03-10 00:41:37,sad,0.5994526743888855,unknown
test@gmail.com,2025-03-10 00:41:38,fear,0.6787869334220886,unknown
test@gmail.com,2025-03-10 00:41:38,sad,0.6240535974502563,unknown
test@gmail.com,2025-03-10 00:41:38,sad,0.6240535974502563,unknown
test@gmail.com,2025-03-10 00:41:38,sad,0.5538681149482727,unknown
test@gmail.com,2025-03-10 00:41:38,sad,0.5538681149482727,unknown
test@gmail.com,2025-03-10 00:41:38,sad,0.7031084299087524,unknown
test@gmail.com,2025-03-10 00:41:38,neutral,0.4923223555088043,unknown
test@gmail.com,2025-03-10 00:41:38,sad,0.5547391772270203,unknown
test@gmail.com,2025-03-10 00:41:38,sad,0.6241826415061951,unknown
test@gmail.com,2025-03-10 00:41:38,sad,0.5507075786590576,unknown
test@gmail.com,2025-03-10 00:41:38,sad,0.5507075786590576,unknown
test@gmail.com,2025-03-10 00:41:38,sad,0.554416835308075,unknown
test@gmail.com,2025-03-10 00:41:39,sad,0.5982565879821777,unknown
test@gmail.com,2025-03-10 00:41:39,sad,0.8399753570556641,unknown
test@gmail.com,2025-03-10 00:41:39,sad,0.7616147994995117,unknown
test@gmail.com,2025-03-10 00:41:39,sad,0.6927627921104431,unknown
test@gmail.com,2025-03-10 00:41:39,sad,0.8275111317634583,unknown
test@gmail.com,2025-03-10 00:41:39,sad,0.8275111317634583,unknown
test@gmail.com,2025-03-10 00:41:39,sad,0.8087222576141357,unknown
test@gmail.com,2025-03-10 00:41:39,sad,0.6115400791168213,unknown
test@gmail.com,2025-03-10 00:41:41,neutral,0.569823145866394,unknown
test@gmail.com,2025-03-10 00:41:41,neutral,0.569823145866394,unknown
test@gmail.com,2025-03-10 00:41:41,sad,0.6851420402526855,unknown
test@gmail.com,2025-03-10 00:41:41,sad,0.5770223736763,unknown
test@gmail.com,2025-03-10 00:41:41,sad,0.4107589423656463,unknown
test@gmail.com,2025-03-10 00:41:41,sad,0.4204286634922027,unknown
test@gmail.com,2025-03-10 00:41:42,sad,0.5741308331489563,unknown
test@gmail.com,2025-03-10 00:41:42,neutral,0.3969955742359161,unknown
test@gmail.com,2025-03-10 00:41:42,fear,0.6510884165763855,unknown
test@gmail.com,2025-03-10 00:41:42,sad,0.5436826944351196,unknown
test@gmail.com,2025-03-10 00:41:42,sad,0.4464025795459747,unknown
test@gmail.com,2025-03-10 00:41:42,sad,0.741982638835907,unknown
test@gmail.com,2025-03-10 00:41:42,sad,0.741982638835907,unknown
test@gmail.com,2025-03-10 00:41:42,anger,0.9598165154457092,unknown
test@gmail.com,2025-03-10 00:41:42,neutral,0.5452168583869934,unknown
test@gmail.com,2025-03-10 00:41:42,sad,0.6043744683265686,unknown
test@gmail.com,2025-03-10 00:41:42,neutral,0.5423644185066223,unknown
test@gmail.com,2025-03-10 00:41:43,neutral,0.6121432781219482,unknown
test@gmail.com,2025-03-10 00:41:43,sad,0.510414719581604,unknown
test@gmail.com,2025-03-10 00:41:43,sad,0.7243832945823669,unknown
test@gmail.com,2025-03-10 00:41:43,sad,0.4795083999633789,unknown
test@gmail.com,2025-03-10 00:41:43,neutral,0.4578640460968017,unknown
test@gmail.com,2025-03-10 00:41:43,neutral,0.4578640460968017,unknown
test@gmail.com,2025-03-10 00:41:43,sad,0.746082067489624,unknown
test@gmail.com,2025-03-10 00:41:43,sad,0.5110189318656921,unknown
test@gmail.com,2025-03-10 00:41:43,sad,0.8075309991836548,unknown
test@gmail.com,2025-03-10 00:41:43,neutral,0.5502243638038635,unknown
test@gmail.com,2025-03-10 00:41:44,sad,0.5946120023727417,unknown
test@gmail.com,2025-03-10 00:41:45,sad,0.5946120023727417,unknown
test@gmail.com,2025-03-10 00:41:45,sad,0.7976083159446716,unknown
test@gmail.com,2025-03-10 00:41:45,sad,0.7182193398475647,unknown
test@gmail.com,2025-03-10 00:41:45,fear,0.7603010535240173,unknown
test@gmail.com,2025-03-10 00:41:45,sad,0.5985671877861023,unknown
test@gmail.com,2025-03-10 00:41:45,sad,0.5985671877861023,unknown
test@gmail.com,2025-03-10 00:41:45,fear,0.7671385407447815,unknown
test@gmail.com,2025-03-10 00:41:45,neutral,0.4904549419879913,unknown
test@gmail.com,2025-03-10 00:41:46,anger,0.9463517665863036,unknown
test@gmail.com,2025-03-10 00:41:46,anger,0.9463517665863036,unknown
test@gmail.com,2025-03-10 00:41:50,anger,0.9492323398590088,unknown
test@gmail.com,2025-03-10 00:41:51,anger,0.9492323398590088,unknown
test@gmail.com,2025-03-10 00:41:51,neutral,0.5315717458724976,unknown
test@gmail.com,2025-03-10 00:41:51,neutral,0.5315717458724976,unknown
test@gmail.com,2025-03-10 00:41:51,fear,0.5642310380935669,unknown
test@gmail.com,2025-03-10 00:41:51,sad,0.675452470779419,unknown
test@gmail.com,2025-03-10 00:41:51,sad,0.6635102033615112,unknown
test@gmail.com,2025-03-10 00:41:51,sad,0.6532461643218994,unknown
test@gmail.com,2025-03-10 00:41:51,neutral,0.4705393612384796,unknown
test@gmail.com,2025-03-10 00:41:51,neutral,0.4705393612384796,unknown
test@gmail.com,2025-03-10 00:41:51,sad,0.8151420950889587,unknown
test@gmail.com,2025-03-10 00:41:51,sad,0.5043665170669556,unknown
test@gmail.com,2025-03-10 00:41:52,neutral,0.6185116171836853,unknown
test@gmail.com,2025-03-10 00:41:52,neutral,0.6185116171836853,unknown
test@gmail.com,2025-03-10 00:41:52,anger,0.95564067363739,unknown
test@gmail.com,2025-03-10 00:41:53,sad,0.809636116027832,unknown
test@gmail.com,2025-03-10 00:41:53,neutral,0.5264217853546143,unknown
test@gmail.com,2025-03-10 00:41:53,fear,0.674079179763794,unknown
test@gmail.com,2025-03-10 00:41:53,sad,0.592619001865387,unknown
test@gmail.com,2025-03-10 00:41:53,fear,0.5746109485626221,unknown
test@gmail.com,2025-03-10 00:42:02,neutral,0.7688836455345154,unknown
test@gmail.com,2025-03-10 00:42:02,neutral,0.7688836455345154,unknown
test@gmail.com,2025-03-10 00:42:02,neutral,0.7110387682914734,unknown
test@gmail.com,2025-03-10 00:42:02,neutral,0.6087039709091187,unknown
test@gmail.com,2025-03-10 00:42:02,neutral,0.3718789219856262,unknown
test@gmail.com,2025-03-10 00:42:02,fear,0.4201229810714721,unknown
test@gmail.com,2025-03-10 00:42:02,fear,0.4201229810714721,unknown
test@gmail.com,2025-03-10 00:42:02,sad,0.355006456375122,unknown
test@gmail.com,2025-03-10 00:42:02,sad,0.355006456375122,unknown
test@gmail.com,2025-03-10 00:42:06,neutral,0.6961877346038818,unknown
test@gmail.com,2025-03-10 00:42:06,neutral,0.7856836915016174,unknown
test@gmail.com,2025-03-10 00:42:06,neutral,0.7856836915016174,unknown
test@gmail.com,2025-03-10 00:42:06,neutral,0.869687557220459,unknown
test@gmail.com,2025-03-10 00:42:06,neutral,0.85378098487854,unknown
test@gmail.com,2025-03-10 00:42:07,neutral,0.6323232054710388,unknown
test@gmail.com,2025-03-10 00:42:07,sad,0.7523350715637207,unknown
test@gmail.com,2025-03-10 00:42:07,sad,0.7523350715637207,unknown
test@gmail.com,2025-03-10 00:42:07,sad,0.4302321970462799,unknown
test@gmail.com,2025-03-10 00:42:07,sad,0.4302321970462799,unknown
test@gmail.com,2025-03-10 00:42:07,neutral,0.5456472039222717,unknown
test@gmail.com,2025-03-10 00:42:07,fear,0.7134872674942017,unknown
test@gmail.com,2025-03-10 00:42:11,sad,0.4753651916980743,unknown
test@gmail.com,2025-03-10 00:42:12,anger,0.9715453386306764,unknown
test@gmail.com,2025-03-10 00:42:12,anger,0.9715453386306764,unknown
test@gmail.com,2025-03-10 00:42:44,fear,0.3398516178131103,unknown
test@gmail.com,2025-03-10 00:42:44,fear,0.3398516178131103,unknown
test@gmail.com,2025-03-10 00:42:46,surprise,0.4119244813919067,unknown
test@gmail.com,2025-03-10 00:42:46,surprise,0.4119244813919067,unknown
test@gmail.com,2025-03-10 00:42:47,happy,0.5608608722686768,unknown
test@gmail.com,2025-03-10 00:42:48,happy,0.5608608722686768,unknown
test@gmail.com,2025-03-10 00:42:53,sad,0.8386598825454712,unknown
test@gmail.com,2025-03-10 00:42:53,sad,0.8386598825454712,unknown
test@gmail.com,2025-03-10 00:42:53,anger,0.7893332839012146,unknown
test@gmail.com,2025-03-10 00:42:54,sad,0.7677342295646667,unknown
test@gmail.com,2025-03-10 00:42:54,fear,0.7241037487983704,unknown
test@gmail.com,2025-03-10 00:42:56,sad,0.6926913857460022,unknown
test@gmail.com,2025-03-10 00:42:56,sad,0.6926913857460022,unknown
test@gmail.com,2025-03-10 00:43:06,happy,0.6283097863197327,unknown
test@gmail.com,2025-03-10 00:43:06,happy,0.6283097863197327,unknown
test@gmail.com,2025-03-10 00:43:15,anger,0.944914162158966,unknown
test@gmail.com,2025-03-10 00:43:15,anger,0.944914162158966,unknown
test@gmail.com,2025-03-10 00:54:18,anger,0.5293066501617432,unknown
test@gmail.com,2025-03-10 00:54:18,anger,0.3907489478588104,unknown
test@gmail.com,2025-03-10 00:54:18,neutral,0.5018448233604431,unknown
test@gmail.com,2025-03-10 00:54:18,sad,0.3618928790092468,unknown
test@gmail.com,2025-03-10 00:54:19,sad,0.4402390122413635,unknown
test@gmail.com,2025-03-10 00:54:19,neutral,0.4793661832809448,unknown
test@gmail.com,2025-03-10 00:54:19,neutral,0.4462261795997619,unknown
test@gmail.com,2025-03-10 00:54:19,sad,0.5333413481712341,unknown
test@gmail.com,2025-03-10 00:54:19,anger,0.5711679458618164,unknown
test@gmail.com,2025-03-10 00:54:19,anger,0.3979335427284241,unknown
test@gmail.com,2025-03-10 00:54:19,neutral,0.528017520904541,unknown
test@gmail.com,2025-03-10 00:54:20,neutral,0.528017520904541,unknown
test@gmail.com,2025-03-10 00:54:20,fear,0.4243511855602264,unknown
test@gmail.com,2025-03-10 00:54:20,sad,0.6367059350013733,unknown
test@gmail.com,2025-03-10 00:54:20,fear,0.9808499217033386,unknown
test@gmail.com,2025-03-10 00:54:20,fear,0.985546350479126,unknown
test@gmail.com,2025-03-10 00:54:22,anger,0.4208084642887115,unknown
test@gmail.com,2025-03-10 00:54:22,neutral,0.4477915465831756,unknown
test@gmail.com,2025-03-10 00:54:22,neutral,0.4477915465831756,unknown
test@gmail.com,2025-03-10 00:54:22,neutral,0.4932728409767151,unknown
test@gmail.com,2025-03-10 00:54:22,anger,0.4869367778301239,unknown
test@gmail.com,2025-03-10 00:54:23,neutral,0.4367959797382355,unknown
test@gmail.com,2025-03-10 00:54:23,sad,0.8392080664634705,unknown
test@gmail.com,2025-03-10 00:54:23,anger,0.4184159934520721,unknown
test@gmail.com,2025-03-10 00:54:23,anger,0.4184159934520721,unknown
test@gmail.com,2025-03-10 00:54:23,neutral,0.3907887935638428,unknown
test@gmail.com,2025-03-10 00:54:23,anger,0.4404104948043823,unknown
test@gmail.com,2025-03-10 00:54:23,neutral,0.8318687081336975,unknown
test@gmail.com,2025-03-10 00:54:23,neutral,0.7752900123596191,unknown
test@gmail.com,2025-03-10 00:54:23,neutral,0.8881781101226807,unknown
test@gmail.com,2025-03-10 00:54:23,neutral,0.5669915080070496,unknown
test@gmail.com,2025-03-10 00:54:24,neutral,0.6947212219238281,unknown
test@gmail.com,2025-03-10 00:54:24,neutral,0.5633891224861145,unknown
test@gmail.com,2025-03-10 00:54:24,neutral,0.6686373353004456,unknown
test@gmail.com,2025-03-10 00:54:24,neutral,0.7995645999908447,unknown
test@gmail.com,2025-03-10 00:54:24,neutral,0.7724934220314026,unknown
test@gmail.com,2025-03-10 00:54:24,neutral,0.5577105283737183,unknown
test@gmail.com,2025-03-10 00:54:24,neutral,0.7366030812263489,unknown
test@gmail.com,2025-03-10 00:54:24,sad,0.5416126847267151,unknown
test@gmail.com,2025-03-10 00:54:25,sad,0.6268405318260193,unknown
test@gmail.com,2025-03-10 00:54:25,sad,0.9083825945854188,unknown
test@gmail.com,2025-03-10 00:54:25,sad,0.9651212692260742,unknown
test@gmail.com,2025-03-10 00:54:25,sad,0.9426446557044984,unknown
test@gmail.com,2025-03-10 00:54:25,sad,0.9426446557044984,unknown
test@gmail.com,2025-03-10 00:54:25,sad,0.7912459373474121,unknown
test@gmail.com,2025-03-10 00:54:25,sad,0.6909076571464539,unknown
test@gmail.com,2025-03-10 00:54:25,sad,0.4455530047416687,unknown
test@gmail.com,2025-03-10 00:54:25,contempt,0.5356060862541199,unknown
test@gmail.com,2025-03-10 00:54:25,neutral,0.7493237257003784,unknown
test@gmail.com,2025-03-10 00:54:26,neutral,0.5600996017456055,unknown
test@gmail.com,2025-03-10 00:54:26,neutral,0.7478091716766357,unknown
test@gmail.com,2025-03-10 00:54:26,neutral,0.3635521829128265,unknown
test@gmail.com,2025-03-10 00:54:26,neutral,0.3527900576591491,unknown
test@gmail.com,2025-03-10 00:54:26,neutral,0.3321149051189422,unknown
test@gmail.com,2025-03-10 00:54:26,sad,0.7262495756149292,unknown
test@gmail.com,2025-03-10 00:54:26,sad,0.4828850626945495,unknown
test@gmail.com,2025-03-10 00:54:27,sad,0.7854112982749939,unknown
test@gmail.com,2025-03-10 00:54:27,sad,0.7854112982749939,unknown
test@gmail.com,2025-03-10 00:54:27,sad,0.5598266124725342,unknown
test@gmail.com,2025-03-10 00:54:27,sad,0.5598266124725342,unknown
test@gmail.com,2025-03-10 00:54:43,neutral,0.5924423933029175,unknown
test@gmail.com,2025-03-10 00:54:43,neutral,0.5924423933029175,unknown
test@gmail.com,2025-03-10 00:54:43,sad,0.6064190864562988,unknown
test@gmail.com,2025-03-10 00:54:43,neutral,0.4568612277507782,unknown
test@gmail.com,2025-03-10 00:54:43,sad,0.7061364650726318,unknown
test@gmail.com,2025-03-10 00:54:43,neutral,0.5547552704811096,unknown
test@gmail.com,2025-03-10 00:54:43,sad,0.7157615423202515,unknown
test@gmail.com,2025-03-10 00:54:43,sad,0.5358701348304749,unknown
test@gmail.com,2025-03-10 00:54:43,sad,0.5358701348304749,unknown
test@gmail.com,2025-03-10 00:54:43,neutral,0.6618868112564087,unknown
test@gmail.com,2025-03-10 00:54:48,neutral,0.5874151587486267,unknown
test@gmail.com,2025-03-10 00:54:48,neutral,0.5874151587486267,unknown
test@gmail.com,2025-03-10 00:54:48,neutral,0.7875288724899292,unknown
test@gmail.com,2025-03-10 00:54:48,neutral,0.5562922358512878,unknown
test@gmail.com,2025-03-10 00:54:48,sad,0.4701679050922394,unknown
test@gmail.com,2025-03-10 00:54:48,sad,0.4817692041397095,unknown
test@gmail.com,2025-03-10 00:54:48,sad,0.4817692041397095,unknown
test@gmail.com,2025-03-10 00:54:49,sad,0.5078595280647278,unknown
test@gmail.com,2025-03-10 00:54:49,sad,0.5078595280647278,unknown
test@gmail.com,2025-03-10 00:54:49,sad,0.4773648381233215,unknown
test@gmail.com,2025-03-10 00:54:49,sad,0.8419398665428162,unknown
test@gmail.com,2025-03-10 00:54:55,anger,0.9467211365699768,unknown
test@gmail.com,2025-03-10 00:54:55,anger,0.9467211365699768,unknown
test@gmail.com,2025-03-10 00:55:02,neutral,0.6303616762161255,unknown
test@gmail.com,2025-03-10 00:55:02,neutral,0.6303616762161255,unknown
test@gmail.com,2025-03-10 00:55:02,sad,0.5567083954811096,unknown
test@gmail.com,2025-03-10 00:55:02,sad,0.5844515562057495,unknown
test@gmail.com,2025-03-10 00:55:02,neutral,0.5785542726516724,unknown
test@gmail.com,2025-03-10 00:55:02,neutral,0.5785542726516724,unknown
test@gmail.com,2025-03-10 00:55:07,anger,0.964295506477356,unknown
test@gmail.com,2025-03-10 00:55:12,anger,0.9260318875312804,unknown
test@gmail.com,2025-03-10 00:55:12,anger,0.9260318875312804,unknown
test@gmail.com,2025-03-10 00:55:15,anger,0.945305585861206,unknown
test@gmail.com,2025-03-10 00:55:17,sad,0.7854526042938232,unknown
test@gmail.com,2025-03-10 00:55:17,sad,0.7854526042938232,unknown
test@gmail.com,2025-03-10 00:55:17,sad,0.4639208316802978,unknown
test@gmail.com,2025-03-10 00:55:17,neutral,0.7739754915237427,unknown
test@gmail.com,2025-03-10 00:55:17,neutral,0.5214949250221252,unknown
test@gmail.com,2025-03-10 00:55:17,neutral,0.8076879382133484,unknown
test@gmail.com,2025-03-10 00:55:17,neutral,0.6775158047676086,unknown
test@gmail.com,2025-03-10 00:55:18,neutral,0.6775158047676086,unknown
test@gmail.com,2025-03-10 00:55:18,neutral,0.5959548950195312,unknown
test@gmail.com,2025-03-10 00:55:18,neutral,0.5613204836845398,unknown
test@gmail.com,2025-03-10 00:55:18,sad,0.4221310317516327,unknown
test@gmail.com,2025-03-10 00:55:18,sad,0.4221310317516327,unknown
test@gmail.com,2025-03-10 00:55:18,anger,0.4515171945095062,unknown
test@gmail.com,2025-03-10 00:55:18,anger,0.4515171945095062,unknown
test@gmail.com,2025-03-10 00:55:18,neutral,0.549131453037262,unknown
test@gmail.com,2025-03-10 00:55:18,neutral,0.4751926362514496,unknown
test@gmail.com,2025-03-10 00:55:18,neutral,0.755862832069397,unknown
test@gmail.com,2025-03-10 00:55:19,neutral,0.6751818656921387,unknown
test@gmail.com,2025-03-10 00:55:19,neutral,0.5796410441398621,unknown
test@gmail.com,2025-03-10 00:55:19,neutral,0.5721615552902222,unknown
test@gmail.com,2025-03-10 00:55:19,neutral,0.8172010779380798,unknown
test@gmail.com,2025-03-10 00:55:19,neutral,0.7385497689247131,unknown
test@gmail.com,2025-03-10 00:55:19,neutral,0.7816442251205444,unknown
test@gmail.com,2025-03-10 00:55:19,neutral,0.4809489548206329,unknown
test@gmail.com,2025-03-10 00:55:19,neutral,0.4834349751472473,unknown
test@gmail.com,2025-03-10 00:55:19,neutral,0.4902769923210144,unknown
test@gmail.com,2025-03-10 00:55:19,neutral,0.834872305393219,unknown
test@gmail.com,2025-03-10 00:55:20,neutral,0.4559231400489807,unknown
test@gmail.com,2025-03-10 00:55:20,sad,0.4698885381221771,unknown
test@gmail.com,2025-03-10 00:55:20,sad,0.7177380323410034,unknown
test@gmail.com,2025-03-10 00:55:20,sad,0.6393796801567078,unknown
test@gmail.com,2025-03-10 00:55:20,neutral,0.537725567817688,unknown
test@gmail.com,2025-03-10 00:55:20,neutral,0.6910803318023682,unknown
test@gmail.com,2025-03-10 00:55:20,neutral,0.5352006554603577,unknown
test@gmail.com,2025-03-10 00:55:20,neutral,0.5018953084945679,unknown
test@gmail.com,2025-03-10 00:55:20,sad,0.4960220456123352,unknown
test@gmail.com,2025-03-10 00:55:21,neutral,0.4909356832504272,unknown
test@gmail.com,2025-03-10 00:55:21,neutral,0.5582269430160522,unknown
test@gmail.com,2025-03-10 00:55:21,sad,0.5965384244918823,unknown
test@gmail.com,2025-03-10 00:55:21,neutral,0.4705545604228973,unknown
test@gmail.com,2025-03-10 00:55:21,neutral,0.7557592391967773,unknown
test@gmail.com,2025-03-10 00:55:21,neutral,0.4182792901992798,unknown
test@gmail.com,2025-03-10 00:55:21,sad,0.4707705676555633,unknown
test@gmail.com,2025-03-10 00:55:21,sad,0.5018807053565979,unknown
test@gmail.com,2025-03-10 00:55:21,neutral,0.7867040038108826,unknown
test@gmail.com,2025-03-10 00:55:21,neutral,0.6530630588531494,unknown
test@gmail.com,2025-03-10 00:55:21,neutral,0.5196170806884766,unknown
test@gmail.com,2025-03-10 00:55:22,neutral,0.6821743845939636,unknown
test@gmail.com,2025-03-10 00:55:22,neutral,0.6821743845939636,unknown
test@gmail.com,2025-03-10 00:55:22,sad,0.4797157049179077,unknown
test@gmail.com,2025-03-10 00:55:22,sad,0.5036490559577942,unknown
test@gmail.com,2025-03-10 00:55:22,sad,0.7645196914672852,unknown
test@gmail.com,2025-03-10 00:55:22,neutral,0.515360414981842,unknown
test@gmail.com,2025-03-10 00:55:22,neutral,0.6551324725151062,unknown
test@gmail.com,2025-03-10 00:55:22,neutral,0.6993321180343628,unknown
test@gmail.com,2025-03-10 00:55:22,neutral,0.7191312313079834,unknown
test@gmail.com,2025-03-10 00:55:23,neutral,0.4750450253486633,unknown
test@gmail.com,2025-03-10 00:55:23,sad,0.5645601749420166,unknown
test@gmail.com,2025-03-10 00:55:23,sad,0.6011982560157776,unknown
test@gmail.com,2025-03-10 00:55:23,neutral,0.4277627170085907,unknown
test@gmail.com,2025-03-10 00:55:23,sad,0.5630141496658325,unknown
test@gmail.com,2025-03-10 00:55:23,neutral,0.6014853119850159,unknown
test@gmail.com,2025-03-10 00:55:23,neutral,0.6141059994697571,unknown
test@gmail.com,2025-03-10 00:55:23,sad,0.53562331199646,unknown
test@gmail.com,2025-03-10 00:55:23,sad,0.4761658012866974,unknown
test@gmail.com,2025-03-10 00:55:24,sad,0.5250217914581299,unknown
test@gmail.com,2025-03-10 00:55:24,neutral,0.6088587045669556,unknown
test@gmail.com,2025-03-10 00:55:24,sad,0.7711145877838135,unknown
test@gmail.com,2025-03-10 00:55:24,sad,0.6667823791503906,unknown
test@gmail.com,2025-03-10 00:55:24,sad,0.6701992154121399,unknown
test@gmail.com,2025-03-10 00:55:24,neutral,0.5070898532867432,unknown
test@gmail.com,2025-03-10 00:55:24,neutral,0.5265855193138123,unknown
test@gmail.com,2025-03-10 00:55:25,neutral,0.722812294960022,unknown
test@gmail.com,2025-03-10 00:55:25,neutral,0.7017857432365417,unknown
test@gmail.com,2025-03-10 00:55:25,neutral,0.7017857432365417,unknown
test@gmail.com,2025-03-10 00:55:25,neutral,0.547587513923645,unknown
test@gmail.com,2025-03-10 00:55:27,anger,0.8843317031860352,unknown
test@gmail.com,2025-03-10 00:55:31,sad,0.8629456162452698,unknown
test@gmail.com,2025-03-10 00:55:32,sad,0.6594457030296326,unknown
test@gmail.com,2025-03-10 00:55:45,neutral,0.8268194198608398,unknown
test@gmail.com,2025-03-10 00:55:45,neutral,0.8268194198608398,unknown
test@gmail.com,2025-03-10 00:55:45,neutral,0.7724425792694092,unknown
test@gmail.com,2025-03-10 00:55:46,disgust,0.3517177700996399,unknown
test@gmail.com,2025-03-10 00:55:46,disgust,0.3517177700996399,unknown
test@gmail.com,2025-03-10 00:55:48,neutral,0.8335874676704407,unknown
test@gmail.com,2025-03-10 00:55:48,neutral,0.55288165807724,unknown
test@gmail.com,2025-03-10 00:55:48,neutral,0.55288165807724,unknown
test@gmail.com,2025-03-10 00:55:48,neutral,0.7970962524414062,unknown
test@gmail.com,2025-03-10 00:55:48,neutral,0.5923643112182617,unknown
test@gmail.com,2025-03-10 00:55:48,neutral,0.8817353844642639,unknown
test@gmail.com,2025-03-10 00:55:49,neutral,0.6362388134002686,unknown
test@gmail.com,2025-03-10 00:55:49,neutral,0.6362388134002686,unknown
test@gmail.com,2025-03-10 00:55:49,neutral,0.6130651235580444,unknown
test@gmail.com,2025-03-10 00:55:49,neutral,0.6130651235580444,unknown
test@gmail.com,2025-03-10 00:55:49,neutral,0.8850576281547546,unknown
test@gmail.com,2025-03-10 01:04:11,sad,0.491661936044693,unknown
test@gmail.com,2025-03-10 01:04:11,neutral,0.7746860980987549,unknown
test@gmail.com,2025-03-10 01:04:11,neutral,0.656194269657135,unknown
test@gmail.com,2025-03-10 01:04:11,neutral,0.8545674681663513,unknown
test@gmail.com,2025-03-10 01:04:11,fear,0.484770655632019,unknown
test@gmail.com,2025-03-10 01:04:11,neutral,0.7885100245475769,unknown
test@gmail.com,2025-03-10 01:04:12,neutral,0.6510317325592041,unknown
test@gmail.com,2025-03-10 01:04:12,neutral,0.4929048120975494,unknown
test@gmail.com,2025-03-10 01:04:12,neutral,0.7119792103767395,unknown
test@gmail.com,2025-03-10 01:04:12,neutral,0.7119792103767395,unknown
test@gmail.com,2025-03-10 01:04:12,sad,0.3767079710960388,unknown
test@gmail.com,2025-03-10 01:04:12,neutral,0.736244797706604,unknown
test@gmail.com,2025-03-10 01:04:12,neutral,0.7390122413635254,unknown
test@gmail.com,2025-03-10 01:04:12,neutral,0.7390122413635254,unknown
test@gmail.com,2025-03-10 01:04:12,neutral,0.7505650520324707,unknown
test@gmail.com,2025-03-10 01:04:12,neutral,0.7505650520324707,unknown
test@gmail.com,2025-03-10 01:04:13,neutral,0.8034396171569824,unknown
test@gmail.com,2025-03-10 01:04:13,neutral,0.7105872631072998,unknown
test@gmail.com,2025-03-10 01:04:13,neutral,0.6240944862365723,unknown
test@gmail.com,2025-03-10 01:04:13,sad,0.7090588212013245,unknown
test@gmail.com,2025-03-10 01:04:13,neutral,0.3898269534111023,unknown
test@gmail.com,2025-03-10 01:04:13,neutral,0.3397023975849151,unknown
test@gmail.com,2025-03-10 01:04:13,neutral,0.7214310765266418,unknown
test@gmail.com,2025-03-10 01:04:13,neutral,0.6982172131538391,unknown
test@gmail.com,2025-03-10 01:04:14,neutral,0.585976243019104,unknown
test@gmail.com,2025-03-10 01:04:14,neutral,0.5807212591171265,unknown
test@gmail.com,2025-03-10 01:04:14,neutral,0.633875846862793,unknown
test@gmail.com,2025-03-10 01:04:14,neutral,0.5903210043907166,unknown
test@gmail.com,2025-03-10 01:04:14,neutral,0.8256531357765198,unknown
test@gmail.com,2025-03-10 01:04:14,anger,0.5961012244224548,unknown
test@gmail.com,2025-03-10 01:04:14,sad,0.3282614350318908,unknown
test@gmail.com,2025-03-10 01:04:14,anger,0.5648374557495117,unknown
test@gmail.com,2025-03-10 01:04:14,neutral,0.6075863242149353,unknown
test@gmail.com,2025-03-10 01:04:14,neutral,0.6350906491279602,unknown
test@gmail.com,2025-03-10 01:04:15,neutral,0.6729925274848938,unknown
test@gmail.com,2025-03-10 01:04:15,neutral,0.6729925274848938,unknown
test@gmail.com,2025-03-10 01:04:15,neutral,0.697084903717041,unknown
test@gmail.com,2025-03-10 01:04:15,sad,0.4888498783111572,unknown
test@gmail.com,2025-03-10 01:04:15,neutral,0.4169791340827942,unknown
test@gmail.com,2025-03-10 01:04:15,neutral,0.6931642889976501,unknown
test@gmail.com,2025-03-10 01:04:15,neutral,0.7260411977767944,unknown
test@gmail.com,2025-03-10 01:04:16,neutral,0.7203834056854248,unknown
test@gmail.com,2025-03-10 01:04:16,neutral,0.80527263879776,unknown
test@gmail.com,2025-03-10 01:04:16,neutral,0.5828632712364197,unknown
test@gmail.com,2025-03-10 01:04:16,neutral,0.8568187952041626,unknown
test@gmail.com,2025-03-10 01:04:16,neutral,0.4837190806865692,unknown
test@gmail.com,2025-03-10 01:04:16,neutral,0.6398160457611084,unknown
test@gmail.com,2025-03-10 01:04:16,neutral,0.8073171377182007,unknown
test@gmail.com,2025-03-10 01:04:16,neutral,0.7933816313743591,unknown
test@gmail.com,2025-03-10 01:04:17,neutral,0.627702534198761,unknown
test@gmail.com,2025-03-10 01:04:17,sad,0.3534108996391296,unknown
test@gmail.com,2025-03-10 01:04:17,neutral,0.6305242776870728,unknown
test@gmail.com,2025-03-10 01:04:17,fear,0.2841279506683349,unknown
test@gmail.com,2025-03-10 01:04:17,sad,0.3570811450481415,unknown
test@gmail.com,2025-03-10 01:04:17,sad,0.3570811450481415,unknown
test@gmail.com,2025-03-10 01:04:17,sad,0.3837266564369201,unknown
test@gmail.com,2025-03-10 01:04:17,neutral,0.5279971361160278,unknown
test@gmail.com,2025-03-10 01:04:17,neutral,0.3829200863838196,unknown
test@gmail.com,2025-03-10 01:04:18,fear,0.5575278997421265,unknown
test@gmail.com,2025-03-10 01:04:18,fear,0.5575278997421265,unknown
test@gmail.com,2025-03-10 01:04:18,sad,0.3761431574821472,unknown
test@gmail.com,2025-03-10 01:04:18,fear,0.4968413710594177,unknown
test@gmail.com,2025-03-10 01:04:18,sad,0.5500442385673523,unknown
test@gmail.com,2025-03-10 01:04:18,fear,0.5005910396575928,unknown
test@gmail.com,2025-03-10 01:04:18,neutral,0.4515194296836853,unknown
test@gmail.com,2025-03-10 01:04:18,neutral,0.5950323939323425,unknown
test@gmail.com,2025-03-10 01:04:18,neutral,0.8345423936843872,unknown
test@gmail.com,2025-03-10 01:04:18,anger,0.5654256939888,unknown
test@gmail.com,2025-03-10 01:04:19,anger,0.8824748396873474,unknown
test@gmail.com,2025-03-10 01:04:19,neutral,0.5639044642448425,unknown
test@gmail.com,2025-03-10 01:04:19,anger,0.351682960987091,unknown
test@gmail.com,2025-03-10 01:04:19,anger,0.9669939875602722,unknown
test@gmail.com,2025-03-10 01:04:19,fear,0.6896963119506836,unknown
test@gmail.com,2025-03-10 01:04:19,neutral,0.6309046745300293,unknown
test@gmail.com,2025-03-10 01:04:19,anger,0.3771575391292572,unknown
test@gmail.com,2025-03-10 01:04:19,neutral,0.6743792295455933,unknown
test@gmail.com,2025-03-10 01:04:19,neutral,0.644494354724884,unknown
test@gmail.com,2025-03-10 01:04:19,neutral,0.644494354724884,unknown
test@gmail.com,2025-03-10 01:04:19,anger,0.4028050303459167,unknown
test@gmail.com,2025-03-10 01:04:20,anger,0.4892463386058807,unknown
test@gmail.com,2025-03-10 01:04:20,neutral,0.6116417646408081,unknown
test@gmail.com,2025-03-10 01:04:20,sad,0.4048996865749359,unknown
test@gmail.com,2025-03-10 01:04:20,anger,0.6354398727416992,unknown
test@gmail.com,2025-03-10 01:04:20,sad,0.4610122144222259,unknown
test@gmail.com,2025-03-10 01:04:20,sad,0.4156103730201721,unknown
test@gmail.com,2025-03-10 01:04:20,sad,0.4994773268699646,unknown
test@gmail.com,2025-03-10 01:04:20,anger,0.6227874159812927,unknown
test@gmail.com,2025-03-10 01:04:20,neutral,0.7400377988815308,unknown
test@gmail.com,2025-03-10 01:04:20,neutral,0.4295008778572082,unknown
test@gmail.com,2025-03-10 01:04:21,sad,0.5405725240707397,unknown
test@gmail.com,2025-03-10 01:04:21,neutral,0.6082907319068909,unknown
test@gmail.com,2025-03-10 01:04:21,anger,0.5816283226013184,unknown
test@gmail.com,2025-03-10 01:04:21,sad,0.6047195196151733,unknown
test@gmail.com,2025-03-10 01:04:21,neutral,0.5102674961090088,unknown
test@gmail.com,2025-03-10 01:04:21,neutral,0.6386948823928833,unknown
test@gmail.com,2025-03-10 01:04:21,anger,0.3432871997356415,unknown
test@gmail.com,2025-03-10 01:04:21,anger,0.6170367002487183,unknown
test@gmail.com,2025-03-10 01:04:21,neutral,0.6422485709190369,unknown
test@gmail.com,2025-03-10 01:04:22,sad,0.408715546131134,unknown
test@gmail.com,2025-03-10 01:04:22,neutral,0.4336246848106384,unknown
test@gmail.com,2025-03-10 01:04:22,anger,0.4643363058567047,unknown
test@gmail.com,2025-03-10 01:04:22,anger,0.5918214321136475,unknown
test@gmail.com,2025-03-10 01:04:22,anger,0.4181186854839325,unknown
test@gmail.com,2025-03-10 01:04:22,sad,0.399375706911087,unknown
test@gmail.com,2025-03-10 01:04:22,anger,0.3861260116100311,unknown
test@gmail.com,2025-03-10 01:04:22,neutral,0.7507709860801697,unknown
test@gmail.com,2025-03-10 01:04:22,neutral,0.6325168609619141,unknown
test@gmail.com,2025-03-10 01:04:23,anger,0.499821126461029,unknown
test@gmail.com,2025-03-10 01:04:23,neutral,0.7133457660675049,unknown
test@gmail.com,2025-03-10 01:04:23,neutral,0.2848784923553467,unknown
test@gmail.com,2025-03-10 01:04:23,anger,0.9141389727592468,unknown
test@gmail.com,2025-03-10 01:04:23,anger,0.555701732635498,unknown
test@gmail.com,2025-03-10 01:04:23,neutral,0.6643555164337158,unknown
test@gmail.com,2025-03-10 01:04:23,neutral,0.6199065446853638,unknown
test@gmail.com,2025-03-10 01:04:23,sad,0.4522276222705841,unknown
test@gmail.com,2025-03-10 01:04:24,anger,0.5093324184417725,unknown
test@gmail.com,2025-03-10 01:04:24,neutral,0.6050275564193726,unknown
test@gmail.com,2025-03-10 01:04:24,disgust,0.4495882391929626,unknown
test@gmail.com,2025-03-10 01:04:24,anger,0.5803068280220032,unknown
test@gmail.com,2025-03-10 01:04:24,sad,0.6235963106155396,unknown
test@gmail.com,2025-03-10 01:04:24,anger,0.8204590678215027,unknown
test@gmail.com,2025-03-10 01:04:24,neutral,0.7497197389602661,unknown
test@gmail.com,2025-03-10 01:04:24,sad,0.4498768448829651,unknown
test@gmail.com,2025-03-10 01:04:24,sad,0.6671292185783386,unknown
test@gmail.com,2025-03-10 01:04:24,neutral,0.3857278823852539,unknown
test@gmail.com,2025-03-10 01:04:25,anger,0.8731648921966553,unknown
test@gmail.com,2025-03-10 01:04:25,anger,0.641449511051178,unknown
test@gmail.com,2025-03-10 01:04:25,sad,0.7761139273643494,unknown
test@gmail.com,2025-03-10 01:04:25,anger,0.3528079390525818,unknown
test@gmail.com,2025-03-10 01:04:25,anger,0.5193277597427368,unknown
test@gmail.com,2025-03-10 01:04:25,sad,0.5097465515136719,unknown
test@gmail.com,2025-03-10 01:04:25,neutral,0.3973787426948547,unknown
test@gmail.com,2025-03-10 01:04:26,neutral,0.394389659166336,unknown
test@gmail.com,2025-03-10 01:04:26,neutral,0.8979991674423218,unknown
test@gmail.com,2025-03-10 01:04:26,neutral,0.3736800849437713,unknown
test@gmail.com,2025-03-10 01:04:26,sad,0.815692126750946,unknown
test@gmail.com,2025-03-10 01:04:26,neutral,0.4804926514625549,unknown
test@gmail.com,2025-03-10 01:04:26,neutral,0.6401668190956116,unknown
test@gmail.com,2025-03-10 01:04:27,neutral,0.7191182971000671,unknown
test@gmail.com,2025-03-10 01:04:27,neutral,0.5124408006668091,unknown
test@gmail.com,2025-03-10 01:04:27,neutral,0.4247807562351227,unknown
test@gmail.com,2025-03-10 01:04:27,sad,0.4330776631832123,unknown
test@gmail.com,2025-03-10 01:04:27,anger,0.5295433402061462,unknown
test@gmail.com,2025-03-10 01:04:27,anger,0.5166600346565247,unknown
test@gmail.com,2025-03-10 01:04:27,neutral,0.7855401635169983,unknown
test@gmail.com,2025-03-10 01:04:27,neutral,0.4639603793621063,unknown
test@gmail.com,2025-03-10 01:04:27,sad,0.3304189145565033,unknown
test@gmail.com,2025-03-10 01:04:28,sad,0.5963975191116333,unknown
test@gmail.com,2025-03-10 01:04:28,neutral,0.6228452324867249,unknown
test@gmail.com,2025-03-10 01:04:28,neutral,0.9143572449684144,unknown
test@gmail.com,2025-03-10 01:04:28,neutral,0.9143572449684144,unknown
test@gmail.com,2025-03-10 01:04:28,neutral,0.7769485712051392,unknown
test@gmail.com,2025-03-10 01:04:28,neutral,0.7998143434524536,unknown
test@gmail.com,2025-03-10 01:04:28,neutral,0.4433673024177551,unknown
test@gmail.com,2025-03-10 01:04:28,neutral,0.6160440444946289,unknown
test@gmail.com,2025-03-10 01:04:28,neutral,0.6266860961914062,unknown
test@gmail.com,2025-03-10 01:04:28,neutral,0.6222082376480103,unknown
test@gmail.com,2025-03-10 01:04:28,disgust,0.4263332784175873,unknown
test@gmail.com,2025-03-10 01:04:29,neutral,0.7221134305000305,unknown
test@gmail.com,2025-03-10 01:04:29,fear,0.6593714952468872,unknown
test@gmail.com,2025-03-10 01:04:29,neutral,0.7318423986434937,unknown
test@gmail.com,2025-03-10 01:04:29,neutral,0.878885805606842,unknown
test@gmail.com,2025-03-10 01:04:29,neutral,0.480560153722763,unknown
test@gmail.com,2025-03-10 01:04:29,disgust,0.3487894833087921,unknown
test@gmail.com,2025-03-10 01:04:29,neutral,0.6951468586921692,unknown
test@gmail.com,2025-03-10 01:04:29,neutral,0.7758172154426575,unknown
test@gmail.com,2025-03-10 01:04:29,neutral,0.907588005065918,unknown
test@gmail.com,2025-03-10 01:04:29,neutral,0.7316632270812988,unknown
test@gmail.com,2025-03-10 01:04:30,sad,0.6792575120925903,unknown
test@gmail.com,2025-03-10 01:04:30,neutral,0.5946863293647766,unknown
test@gmail.com,2025-03-10 01:04:30,neutral,0.6364011764526367,unknown
test@gmail.com,2025-03-10 01:04:30,anger,0.5526830554008484,unknown
test@gmail.com,2025-03-10 01:04:30,anger,0.5526830554008484,unknown
test@gmail.com,2025-03-10 01:04:30,sad,0.7056179642677307,unknown
test@gmail.com,2025-03-10 01:04:30,sad,0.7056179642677307,unknown
test@gmail.com,2025-03-10 01:04:30,sad,0.4356471002101898,unknown
test@gmail.com,2025-03-10 01:04:30,neutral,0.6888309121131897,unknown
test@gmail.com,2025-03-10 01:04:31,neutral,0.6704015135765076,unknown
test@gmail.com,2025-03-10 01:04:31,neutral,0.7245825529098511,unknown
test@gmail.com,2025-03-10 01:04:31,neutral,0.5443094968795776,unknown
test@gmail.com,2025-03-10 01:04:31,contempt,0.592563271522522,unknown
test@gmail.com,2025-03-10 01:04:31,contempt,0.7893217206001282,unknown
test@gmail.com,2025-03-10 01:04:31,contempt,0.824222207069397,unknown
test@gmail.com,2025-03-10 01:04:31,sad,0.4101786017417907,unknown
test@gmail.com,2025-03-10 01:04:31,contempt,0.8740683794021606,unknown
test@gmail.com,2025-03-10 01:04:32,sad,0.3623586893081665,unknown
test@gmail.com,2025-03-10 01:04:32,contempt,0.9626808166503906,unknown
test@gmail.com,2025-03-10 01:04:32,contempt,0.9590054750442504,unknown
test@gmail.com,2025-03-10 01:04:32,contempt,0.9695684313774108,unknown
test@gmail.com,2025-03-10 01:04:32,contempt,0.9820942282676696,unknown
test@gmail.com,2025-03-10 01:04:32,contempt,0.8801823854446411,unknown
test@gmail.com,2025-03-10 01:04:32,sad,0.3640260100364685,unknown
test@gmail.com,2025-03-10 01:04:33,contempt,0.9548128843307496,unknown
test@gmail.com,2025-03-10 01:04:33,contempt,0.8811559081077576,unknown
test@gmail.com,2025-03-10 01:04:33,contempt,0.9306225180625916,unknown
test@gmail.com,2025-03-10 01:04:33,contempt,0.9113503098487854,unknown
test@gmail.com,2025-03-10 01:04:33,contempt,0.9113503098487854,unknown
test@gmail.com,2025-03-10 01:04:33,contempt,0.8707088828086853,unknown
test@gmail.com,2025-03-10 01:04:33,contempt,0.8357139229774475,unknown
test@gmail.com,2025-03-10 01:04:33,contempt,0.6273250579833984,unknown
test@gmail.com,2025-03-10 01:04:33,neutral,0.4922561049461365,unknown
test@gmail.com,2025-03-10 01:04:34,neutral,0.367711454629898,unknown
test@gmail.com,2025-03-10 01:04:34,neutral,0.3864411413669586,unknown
test@gmail.com,2025-03-10 01:04:34,sad,0.5120616555213928,unknown
test@gmail.com,2025-03-10 01:04:34,neutral,0.5508669018745422,unknown
test@gmail.com,2025-03-10 01:04:34,neutral,0.7282764911651611,unknown
test@gmail.com,2025-03-10 01:04:34,neutral,0.7162116765975952,unknown
test@gmail.com,2025-03-10 01:04:34,neutral,0.8187023997306824,unknown
test@gmail.com,2025-03-10 01:04:34,neutral,0.5882152318954468,unknown
test@gmail.com,2025-03-10 01:04:34,neutral,0.6280102133750916,unknown
test@gmail.com,2025-03-10 01:04:35,neutral,0.5216465592384338,unknown
test@gmail.com,2025-03-10 01:04:35,sad,0.405402660369873,unknown
test@gmail.com,2025-03-10 01:04:35,neutral,0.5271316170692444,unknown
test@gmail.com,2025-03-10 01:04:35,contempt,0.6582344174385071,unknown
test@gmail.com,2025-03-10 01:04:35,contempt,0.6582344174385071,unknown
test@gmail.com,2025-03-10 01:04:35,contempt,0.3244509398937225,unknown
test@gmail.com,2025-03-10 01:04:36,disgust,0.3828606903553009,unknown
test@gmail.com,2025-03-10 01:04:36,disgust,0.3828606903553009,unknown
test@gmail.com,2025-03-10 01:04:36,anger,0.2758535146713257,unknown
test@gmail.com,2025-03-10 01:04:36,sad,0.4873896241188049,unknown
test@gmail.com,2025-03-10 01:04:37,sad,0.4873896241188049,unknown
test@gmail.com,2025-03-10 01:04:37,sad,0.6538852453231812,unknown
test@gmail.com,2025-03-10 01:04:37,sad,0.3261559307575226,unknown
test@gmail.com,2025-03-10 01:04:37,sad,0.752848207950592,unknown
test@gmail.com,2025-03-10 01:04:38,sad,0.7193545699119568,unknown
test@gmail.com,2025-03-10 01:04:38,sad,0.5596800446510315,unknown
test@gmail.com,2025-03-10 01:04:38,sad,0.6334447860717773,unknown
test@gmail.com,2025-03-10 01:04:38,sad,0.6334447860717773,unknown
test@gmail.com,2025-03-10 01:04:38,disgust,0.432054340839386,unknown
test@gmail.com,2025-03-10 01:04:38,disgust,0.432054340839386,unknown
test@gmail.com,2025-03-10 01:04:39,fear,0.46980020403862,unknown
test@gmail.com,2025-03-10 01:04:39,fear,0.46980020403862,unknown
test@gmail.com,2025-03-10 01:04:40,sad,0.534026563167572,unknown
test@gmail.com,2025-03-10 01:04:40,anger,0.8019937872886658,unknown
test@gmail.com,2025-03-10 01:04:40,sad,0.4660186469554901,unknown
test@gmail.com,2025-03-10 01:04:40,neutral,0.436161607503891,unknown
test@gmail.com,2025-03-10 01:04:40,sad,0.8594992756843567,unknown
test@gmail.com,2025-03-10 01:04:40,sad,0.8594992756843567,unknown
test@gmail.com,2025-03-10 01:04:41,contempt,0.7046946883201599,unknown
test@gmail.com,2025-03-10 01:04:41,sad,0.5185731053352356,unknown
test@gmail.com,2025-03-10 01:04:41,sad,0.5185731053352356,unknown
test@gmail.com,2025-03-10 01:04:41,sad,0.61597740650177,unknown
test@gmail.com,2025-03-10 01:04:41,neutral,0.5727285742759705,unknown
test@gmail.com,2025-03-10 01:04:41,sad,0.5261771082878113,unknown
test@gmail.com,2025-03-10 01:04:41,sad,0.4935426414012909,unknown
test@gmail.com,2025-03-10 01:04:42,neutral,0.6014410257339478,unknown
test@gmail.com,2025-03-10 01:04:42,sad,0.5700410008430481,unknown
test@gmail.com,2025-03-10 01:04:42,sad,0.7751446962356567,unknown
test@gmail.com,2025-03-10 01:04:42,sad,0.7751446962356567,unknown
test@gmail.com,2025-03-10 01:06:03,sad,0.8668327331542969,unknown
test@gmail.com,2025-03-10 01:06:03,neutral,0.4728094637393951,unknown
test@gmail.com,2025-03-10 01:06:03,sad,0.434094101190567,unknown
test@gmail.com,2025-03-10 01:06:03,sad,0.5521396994590759,unknown
test@gmail.com,2025-03-10 01:06:03,neutral,0.5093535780906677,unknown
test@gmail.com,2025-03-10 01:06:03,sad,0.5914597511291504,unknown
test@gmail.com,2025-03-10 01:06:06,neutral,0.5361507534980774,unknown
test@gmail.com,2025-03-10 01:06:06,neutral,0.5361507534980774,unknown
test@gmail.com,2025-03-10 01:06:06,neutral,0.6791254878044128,unknown
test@gmail.com,2025-03-10 01:06:07,sad,0.4702365398406982,unknown
test@gmail.com,2025-03-10 01:06:07,neutral,0.5786410570144653,unknown
test@gmail.com,2025-03-10 01:06:07,neutral,0.805961012840271,unknown
test@gmail.com,2025-03-10 01:06:07,neutral,0.8078766465187073,unknown
test@gmail.com,2025-03-10 01:06:07,neutral,0.6809718012809753,unknown
test@gmail.com,2025-03-10 01:06:07,neutral,0.6809718012809753,unknown
test@gmail.com,2025-03-10 01:06:07,neutral,0.7214401960372925,unknown
test@gmail.com,2025-03-10 01:06:07,neutral,0.7214401960372925,unknown
test@gmail.com,2025-03-10 01:06:07,sad,0.4666047990322113,unknown
test@gmail.com,2025-03-10 01:06:07,neutral,0.4856579303741455,unknown
test@gmail.com,2025-03-10 01:06:12,sad,0.6923241019248962,unknown
test@gmail.com,2025-03-10 01:06:12,sad,0.6923241019248962,unknown
test@gmail.com,2025-03-10 01:06:12,neutral,0.6933362483978271,unknown
test@gmail.com,2025-03-10 01:06:12,neutral,0.8382585048675537,unknown
test@gmail.com,2025-03-10 01:06:12,neutral,0.8017560839653015,unknown
test@gmail.com,2025-03-10 01:06:12,neutral,0.8348149657249451,unknown
test@gmail.com,2025-03-10 01:06:12,neutral,0.8076706528663635,unknown
test@gmail.com,2025-03-10 01:06:13,neutral,0.8076706528663635,unknown
test@gmail.com,2025-03-10 01:06:13,neutral,0.8678507208824158,unknown
test@gmail.com,2025-03-10 01:06:13,neutral,0.8183768391609192,unknown
test@gmail.com,2025-03-10 01:06:13,neutral,0.8981663584709167,unknown
test@gmail.com,2025-03-10 01:06:13,neutral,0.5935247540473938,unknown
test@gmail.com,2025-03-10 01:06:13,sad,0.7036274671554565,unknown
test@gmail.com,2025-03-10 01:06:13,neutral,0.5174063444137573,unknown
test@gmail.com,2025-03-10 01:06:13,neutral,0.5174063444137573,unknown
test@gmail.com,2025-03-10 01:06:28,sad,0.5379047393798828,unknown
test@gmail.com,2025-03-10 01:06:28,neutral,0.7913756966590881,unknown
test@gmail.com,2025-03-10 01:06:28,neutral,0.7913756966590881,unknown
test@gmail.com,2025-03-10 01:06:28,neutral,0.492814689874649,unknown
test@gmail.com,2025-03-10 01:06:28,neutral,0.5946530103683472,unknown
test@gmail.com,2025-03-10 01:06:28,neutral,0.5242869257926941,unknown
test@gmail.com,2025-03-10 01:06:28,sad,0.5488777160644531,unknown
test@gmail.com,2025-03-10 01:06:30,sad,0.8904193043708801,unknown
test@gmail.com,2025-03-10 01:06:30,sad,0.8904193043708801,unknown
test@gmail.com,2025-03-10 01:06:30,sad,0.4152820706367492,unknown
test@gmail.com,2025-03-10 01:06:30,sad,0.567108154296875,unknown
test@gmail.com,2025-03-10 01:06:30,sad,0.5321900844573975,unknown
test@gmail.com,2025-03-10 01:06:30,sad,0.604907214641571,unknown
test@gmail.com,2025-03-10 01:06:30,sad,0.7917019724845886,unknown
test@gmail.com,2025-03-10 01:06:30,sad,0.7917019724845886,unknown
test@gmail.com,2025-03-10 01:06:30,neutral,0.4807725548744201,unknown
test@gmail.com,2025-03-10 01:06:36,sad,0.798019289970398,unknown
test@gmail.com,2025-03-10 01:06:36,sad,0.798019289970398,unknown
test@gmail.com,2025-03-10 01:06:36,sad,0.7417116165161133,unknown
test@gmail.com,2025-03-10 01:06:36,sad,0.4940105974674225,unknown
test@gmail.com,2025-03-10 01:06:36,neutral,0.6189220547676086,unknown
test@gmail.com,2025-03-10 01:06:36,neutral,0.6459367275238037,unknown
test@gmail.com,2025-03-10 01:06:36,sad,0.5034357309341431,unknown
test@gmail.com,2025-03-10 01:06:36,neutral,0.6942970156669617,unknown
test@gmail.com,2025-03-10 01:06:52,sad,0.8043286204338074,unknown
test@gmail.com,2025-03-10 01:06:52,sad,0.8043286204338074,unknown
test@gmail.com,2025-03-10 01:06:52,sad,0.6802455186843872,unknown
test@gmail.com,2025-03-10 01:06:52,sad,0.6802455186843872,unknown
test@gmail.com,2025-03-10 01:06:52,neutral,0.8812689781188965,unknown
test@gmail.com,2025-03-10 01:06:52,neutral,0.8926774859428406,unknown
test@gmail.com,2025-03-10 01:06:52,sad,0.5123043656349182,unknown
test@gmail.com,2025-03-10 01:06:52,sad,0.5843160152435303,unknown
test@gmail.com,2025-03-10 01:07:02,neutral,0.7532720565795898,unknown
test@gmail.com,2025-03-10 01:07:02,neutral,0.7532720565795898,unknown
test@gmail.com,2025-03-10 01:07:02,neutral,0.6614647507667542,unknown
test@gmail.com,2025-03-10 01:07:02,neutral,0.5885874032974243,unknown
test@gmail.com,2025-03-10 01:07:02,neutral,0.5582596063613892,unknown
test@gmail.com,2025-03-10 01:07:02,sad,0.5469873547554016,unknown
test@gmail.com,2025-03-10 01:07:02,sad,0.5469873547554016,unknown
test@gmail.com,2025-03-10 01:07:12,neutral,0.6209457516670227,unknown
test@gmail.com,2025-03-10 01:07:12,neutral,0.5680726170539856,unknown
test@gmail.com,2025-03-10 01:07:12,neutral,0.5680726170539856,unknown
test@gmail.com,2025-03-10 01:07:12,neutral,0.6242042183876038,unknown
test@gmail.com,2025-03-10 01:07:12,neutral,0.7274971604347229,unknown
test@gmail.com,2025-03-10 01:07:13,neutral,0.7131709456443787,unknown
test@gmail.com,2025-03-10 01:07:13,neutral,0.7644725441932678,unknown
test@gmail.com,2025-03-10 01:07:13,neutral,0.5318134427070618,unknown
test@gmail.com,2025-03-10 01:07:13,sad,0.5399508476257324,unknown
test@gmail.com,2025-03-10 01:07:13,neutral,0.6791792511940002,unknown
test@gmail.com,2025-03-10 01:07:16,neutral,0.5692702531814575,unknown
test@gmail.com,2025-03-10 01:07:16,neutral,0.5692702531814575,unknown
test@gmail.com,2025-03-10 01:07:16,neutral,0.6920826435089111,unknown
test@gmail.com,2025-03-10 01:07:16,neutral,0.6735242009162903,unknown
test@gmail.com,2025-03-10 01:07:16,neutral,0.5568891167640686,unknown
test@gmail.com,2025-03-10 01:07:16,neutral,0.7508724927902222,unknown
test@gmail.com,2025-03-10 01:07:16,neutral,0.7508724927902222,unknown
test@gmail.com,2025-03-10 01:07:16,sad,0.375905841588974,unknown
test@gmail.com,2025-03-10 01:07:16,sad,0.4618217945098877,unknown
